"question_idquestion","education_ideducation"
"203","24"
"205","25"
"208","25"
"210","26"
"212","33"
"325","25"
"329","25"
"330","42"
"331","42"
"332","42"
"333","25"
"334","25"
"335","25"
"336","41"
"337","25"
"338","24"
"339","25"
"340","24"
"341","25"
"342","24"
"343","24"
"344","24"
"345","25"
"346","41"
"347","41"
"348","41"
"349","41"
"350","41"
"351","41"
"352","41"
"353","41"
"354","25"
"355","25"
"356","41"
"357","41"
"358","41"
"359","41"
"360","41"
"361","41"
"362","41"
"363","41"
"364","25"
"365","25"
"366","41"
"367","41"
"368","25"
"369","41"
"370","25"
"371","25"
"372","25"
"373","52"
"374","52"
"375","39"
"376","24"
"377","25"
"378","25"
"379","41"
"380","24"
"381","40"
"382","40"
"383","25"
"384","25"
"385","24"
"386","25"
"387","25"
"388","25"
"389","25"
"390","42"
"391","25"
"392","25"
"393","25"
"394","41"
"395","25"
"396","52"
"397","25"
"398","41"
"399","25"
"400","24"
"401","25"
"402","25"
"403","52"
"404","25"
"405","25"
"406","25"
"407","52"
"408","25"
"409","25"
"410","25"
"411","25"
"412","25"
"413","25"
"414","25"
"415","25"
"416","25"
"417","25"
"418","25"
"419","25"
"420","41"
"421","25"
"422","25"
"423","25"
"424","59"
"425","25"
"426","38"
"427","25"
"428","38"
"429","25"
"430","25"
"431","35"
"432","25"
"433","41"
"434","25"
"435","41"
"436","40"
"437","41"
"438","41"
"439","41"
"440","41"
"441","41"
"442","25"
"443","41"
"444","25"
"445","52"
"960","26"
"961","28"
"962","26"
"963","26"
"964","26"
"965","26"
"966","63"
"967","27"
"968","26"
"968","61"
"969","26"
"969","61"
"970","26"
"970","61"
"971","26"
"971","61"
"972","26"
"972","61"
"973","63"
"974","26"
"975","61"
"976","61"
"977","61"
"978","30"
"979","26"
"980","26"
"981","26"
"982","27"
"983","32"
"984","28"
"985","30"
"986","30"
"987","29"
"988","27"
"989","27"
"990","28"
"991","63"
"992","26"
"993","31"
"994","27"
"995","26"
"996","27"
"997","26"
"998","30"
"999","29"
"1000","28"
"1001","61"
"1002","61"
"1173","64"
"1174","64"
"1175","65"
"1176","64"
"1177","64"
"1206","66"
"1207","67"
"1208","33"
"1209","68"
"1210","33"
"1211","66"
"1212","33"
"1213","67"
"1247","69"
"1255","70"
"1260","71"
"1314","56"
"1315","24"
"1315","56"
"1316","24"
"1316","56"
"1317","24"
"1317","25"
"1317","56"
"1318","25"
"1318","41"
"1319","41"
"1320","41"
"1321","41"
"1322","59"
"1323","49"
"1324","25"
"1324","35"
"1324","40"
"1324","57"
"1325","25"
"1326","35"
"1327","54"
"1327","55"
"1328","25"
"1328","40"
"1328","42"
"1328","54"
"1329","25"
"1329","54"
"1330","24"
"1330","25"
"1330","42"
"1331","54"
"1331","55"
"1332","54"
"1332","55"
"1333","54"
"1333","55"
"1334","24"
"1335","24"
"1336","24"
"1336","25"
"1336","40"
"1337","36"
"1338","36"
"1339","25"
"1339","40"
"1339","41"
"1339","52"
"1339","72"
"1339","82"
"1339","134"
"1340","24"
"1340","52"
"1340","72"
"1340","82"
"1340","134"
"1341","52"
"1342","25"
"1342","40"
"1342","41"
"1342","72"
"1342","82"
"1343","40"
"1344","52"
"1345","54"
"1346","58"
"1347","25"
"1347","40"
"1347","41"
"1347","52"
"1348","52"
"1349","24"
"1349","40"
"1350","24"
"1352","25"
"1353","25"
"1354","25"
"1354","40"
"1354","42"
"1354","81"
"1355","25"
"1356","72"
"1357","41"
"1358","25"
"1358","41"
"1359","25"
"1359","35"
"1360","25"
"1360","41"
"1361","41"
"1362","41"
"1363","41"
"1586","58"
"1587","24"
"1588","24"
"1589","41"
"1590","42"
"1591","41"
"1592","25"
"1592","40"
"1592","52"
"1592","72"
"1592","82"
"1592","134"
"1593","25"
"1593","40"
"1593","52"
"1593","72"
"1593","82"
"1594","42"
"1595","40"
"1596","25"
"1596","42"
"1597","38"
"1598","40"
"1599","25"
"1599","42"
"1600","25"
"1600","39"
"1600","42"
"1600","81"
"1601","25"
"1601","40"
"1602","24"
"1603","24"
"1604","24"
"1605","41"
"1605","72"
"1606","58"
"1607","49"
"1608","37"
"1608","38"
"1608","43"
"1609","37"
"1609","38"
"1735","64"
"1736","64"
"1737","64"
"1738","64"
"1739","64"
"1740","64"
"1741","73"
"1742","73"
"1743","73"
"1744","73"
"1745","73"
"1746","73"
"1747","73"
"1748","73"
"1749","73"
"1750","64"
"1751","74"
"1752","64"
"1752","74"
"1753","74"
"1754","74"
"1755","64"
"1756","64"
"1757","64"
"1758","65"
"1759","65"
"1760","64"
"1761","64"
"1762","65"
"1918","97"
"1919","96"
"1920","96"
"1921","96"
"1922","26"
"1922","32"
"1923","96"
"1924","96"
"1925","96"
"1926","26"
"1926","76"
"1927","26"
"1927","32"
"1928","26"
"1929","26"
"1930","26"
"1930","27"
"1931","28"
"1932","94"
"1933","26"
"1933","76"
"1934","27"
"1934","76"
"1935","29"
"1936","26"
"1937","27"
"1938","26"
"1939","26"
"1940","80"
"1941","96"
"1942","26"
"1942","28"
"1942","32"
"1943","32"
"1944","26"
"1944","32"
"1945","26"
"1945","28"
"1946","26"
"1946","28"
"1947","26"
"1947","28"
"1948","97"
"1949","26"
"1949","27"
"1949","28"
"1950","26"
"1950","27"
"1950","28"
"1951","26"
"1951","61"
"1952","26"
"1952","61"
"1953","26"
"1953","27"
"1953","28"
"1955","26"
"1955","27"
"1955","28"
"1956","26"
"1956","61"
"1957","26"
"1957","28"
"1958","26"
"1958","28"
"1959","26"
"1959","28"
"1960","26"
"1960","28"
"1961","26"
"1961","28"
"1961","76"
"1962","26"
"1962","28"
"1982","30"
"1983","26"
"1984","80"
"1985","31"
"1986","28"
"1987","29"
"1988","63"
"1989","95"
"1990","32"
"1991","95"
"1992","95"
"1993","32"
"1994","27"
"1995","76"
"1996","29"
"1997","26"
"1998","26"
"1999","32"
"2000","26"
"2001","26"
"2076","64"
"2077","73"
"2088","66"
"2089","66"
"2090","77"
"2100","78"
"2126","25"
"2127","25"
"2128","24"
"2129","24"
"2130","41"
"2131","24"
"2132","24"
"2133","38"
"2134","24"
"2135","25"
"2136","58"
"2137","25"
"2138","56"
"2139","42"
"2139","81"
"2140","25"
"2141","25"
"2142","41"
"2143","41"
"2144","41"
"2145","72"
"2146","72"
"2147","25"
"2232","25"
"2233","24"
"2233","25"
"2233","42"
"2238","40"
"2238","42"
"2239","54"
"2242","39"
"2242","40"
"2245","25"
"2245","42"
"2247","25"
"2247","40"
"2248","25"
"2248","40"
"2249","57"
"2258","42"
"2258","81"
"2259","42"
"2260","42"
"2260","81"
"2262","25"
"2267","41"
"2268","24"
"2269","72"
"2323","27"
"2324","26"
"2324","28"
"2325","26"
"2325","27"
"2326","26"
"2326","32"
"2327","26"
"2327","28"
"2328","26"
"2328","28"
"2329","26"
"2329","32"
"2330","26"
"2330","61"
"2331","26"
"2332","76"
"2333","26"
"2333","28"
"2334","26"
"2334","27"
"2334","28"
"2335","79"
"2336","26"
"2336","61"
"2337","26"
"2337","61"
"2338","26"
"2338","61"
"2338","76"
"2339","76"
"2340","26"
"2341","95"
"2342","95"
"2343","95"
"2344","95"
"2345","95"
"2346","95"
"2347","95"
"2348","95"
"2349","26"
"2349","61"
"2350","31"
"2350","80"
"2351","26"
"2351","28"
"2351","31"
"2351","80"
"2352","26"
"2352","28"
"2353","26"
"2354","29"
"2355","26"
"2355","28"
"2356","27"
"2357","26"
"2357","76"
"2358","29"
"2359","80"
"2360","80"
"2361","26"
"2361","28"
"2362","96"
"2363","76"
"2364","26"
"2365","96"
"2366","96"
"2369","25"
"2369","40"
"2370","38"
"2372","25"
"2372","40"
"2380","34"
"2380","35"
"2382","25"
"2400","25"
"2400","40"
"2403","25"
"2403","40"
"2456","24"
"2456","25"
"2456","40"
"2457","24"
"2457","25"
"2457","40"
"2458","25"
"2458","72"
"2459","42"
"2459","81"
"2460","25"
"2460","41"
"2460","72"
"2460","82"
"2461","24"
"2461","25"
"2462","25"
"2462","40"
"2462","41"
"2462","134"
"2463","37"
"2463","38"
"2463","40"
"2464","58"
"2464","83"
"2464","84"
"2464","85"
"2465","83"
"2466","40"
"2467","24"
"2468","25"
"2468","40"
"2468","42"
"2469","25"
"2469","42"
"2470","42"
"2471","25"
"2471","42"
"2471","81"
"2472","25"
"2472","42"
"2472","81"
"2473","25"
"2473","42"
"2473","81"
"2474","42"
"2475","25"
"2476","40"
"2477","56"
"2478","40"
"2479","25"
"2480","56"
"2481","24"
"2482","40"
"2483","39"
"2484","25"
"2485","25"
"2486","25"
"2487","25"
"2488","25"
"2489","24"
"2489","25"
"2489","41"
"2489","42"
"2490","25"
"2490","55"
"2490","57"
"2491","41"
"2491","83"
"2491","84"
"2492","24"
"2492","25"
"2493","40"
"2494","40"
"2494","41"
"2495","40"
"2495","41"
"2496","25"
"2497","37"
"2501","26"
"2502","26"
"2503","26"
"2503","28"
"2504","64"
"2505","76"
"2506","27"
"2509","26"
"2509","61"
"2512","26"
"2512","28"
"2513","26"
"2513","32"
"2514","26"
"2514","32"
"2515","26"
"2515","32"
"2516","26"
"2516","32"
"2517","26"
"2517","32"
"2518","26"
"2518","32"
"2519","76"
"2530","26"
"2530","28"
"2531","26"
"2532","26"
"2533","27"
"2534","26"
"2535","27"
"2536","32"
"2537","32"
"2538","32"
"2540","26"
"2540","28"
"2541","31"
"2541","80"
"2542","42"
"2543","86"
"2544","87"
"2545","78"
"2546","78"
"2547","78"
"2552","41"
"2559","25"
"2560","25"
"2561","25"
"2567","24"
"2568","41"
"2569","41"
"2570","41"
"2571","41"
"2572","41"
"2573","41"
"2574","25"
"2575","41"
"2576","25"
"2576","41"
"2581","25"
"2585","41"
"2591","25"
"2597","41"
"2602","35"
"2602","36"
"2602","37"
"2602","85"
"2604","25"
"2604","40"
"2604","41"
"2604","72"
"2606","25"
"2606","35"
"2606","40"
"2606","41"
"2607","24"
"2607","56"
"2609","24"
"2609","25"
"2609","39"
"2609","40"
"2609","57"
"2611","25"
"2611","40"
"2613","25"
"2613","40"
"2622","25"
"2622","41"
"2622","42"
"2623","25"
"2623","41"
"2623","42"
"2624","25"
"2624","39"
"2624","41"
"2625","25"
"2625","41"
"2625","42"
"2626","25"
"2626","40"
"2626","41"
"2626","42"
"2627","25"
"2627","39"
"2627","40"
"2627","41"
"2627","42"
"2628","25"
"2628","40"
"2628","41"
"2628","42"
"2629","25"
"2629","41"
"2629","42"
"2631","25"
"2631","35"
"2631","40"
"2633","42"
"2634","25"
"2634","41"
"2634","42"
"2635","25"
"2635","41"
"2636","24"
"2637","34"
"2637","35"
"2638","24"
"2640","26"
"2640","27"
"2640","28"
"2641","61"
"2642","41"
"2643","27"
"2643","61"
"2644","33"
"2644","66"
"2644","77"
"2645","66"
"2645","68"
"2645","77"
"2646","33"
"2646","66"
"2647","33"
"2647","66"
"2648","66"
"2648","89"
"2649","33"
"2650","68"
"2651","66"
"2652","33"
"2652","77"
"2653","33"
"2653","77"
"2654","66"
"2654","77"
"2655","33"
"2655","77"
"2656","33"
"2656","66"
"2656","77"
"2657","90"
"2657","91"
"2658","92"
"2659","66"
"2660","89"
"2661","89"
"2662","33"
"2662","66"
"2663","61"
"2664","61"
"2665","61"
"2666","61"
"2667","33"
"2668","33"
"2669","61"
"2670","33"
"2671","33"
"2672","33"
"2672","66"
"2673","33"
"2673","77"
"2674","66"
"2674","77"
"2675","61"
"2676","33"
"2677","61"
"2678","26"
"2678","28"
"2687","91"
"2689","89"
"2691","68"
"2694","91"
"2696","90"
"2699","91"
"2708","24"
"2709","33"
"2709","66"
"2709","68"
"2710","26"
"2710","28"
"2711","26"
"2711","28"
"2712","26"
"2712","28"
"2714","26"
"2714","28"
"2715","26"
"2715","28"
"2716","26"
"2716","28"
"2716","61"
"2717","26"
"2717","28"
"2737","25"
"2737","40"
"2738","24"
"2739","24"
"2740","41"
"2740","42"
"2740","81"
"2741","42"
"2741","81"
"2743","41"
"2743","42"
"2743","81"
"2744","27"
"2744","61"
"2745","27"
"2745","61"
"2747","25"
"2747","40"
"2747","57"
"2748","26"
"2748","28"
"2748","32"
"2749","26"
"2749","28"
"2749","32"
"2750","64"
"2751","61"
"2755","25"
"2755","40"
"2756","41"
"2757","25"
"2757","41"
"2757","42"
"2757","81"
"2758","25"
"2758","41"
"2758","42"
"2758","81"
"2759","41"
"2759","42"
"2759","81"
"2763","68"
"2764","33"
"2765","33"
"2766","77"
"2767","59"
"2767","60"
"2774","55"
"2775","26"
"2775","30"
"2776","26"
"2776","27"
"2776","28"
"2776","32"
"2777","26"
"2777","27"
"2777","28"
"2777","32"
"2778","70"
"2782","40"
"2782","72"
"2783","73"
"2783","93"
"2784","76"
"2785","26"
"2785","28"
"2790","25"
"2790","40"
"2790","42"
"2791","25"
"2791","40"
"2797","81"
"2798","24"
"2798","25"
"2798","40"
"2798","52"
"2798","72"
"2798","82"
"2799","37"
"2800","25"
"2800","40"
"2800","72"
"2800","82"
"2802","25"
"2802","40"
"2802","41"
"2803","25"
"2803","40"
"2803","41"
"2805","25"
"2805","42"
"2805","81"
"2807","38"
"2808","57"
"2809","52"
"2809","72"
"2810","32"
"2811","27"
"2811","76"
"2813","52"
"2814","52"
"2815","27"
"2815","76"
"2824","40"
"2826","24"
"2826","25"
"2826","72"
"2826","82"
"2836","27"
"2837","27"
"2840","27"
"2841","26"
"2841","27"
"2842","57"
"2843","24"
"2843","40"
"2844","26"
"2844","28"
"2853","26"
"2854","24"
"2854","35"
"2854","56"
"2854","57"
"2855","58"
"2856","24"
"2856","25"
"2857","24"
"2857","25"
"2859","26"
"2860","25"
"2860","40"
"2860","41"
"2860","42"
"2860","81"
"2861","26"
"2861","32"
"2862","27"
"2863","27"
"2863","76"
"2864","27"
"2864","76"
"2866","25"
"2867","25"
"2868","25"
"2869","24"
"2869","25"
"2869","57"
"2870","24"
"2870","57"
"2871","26"
"2871","28"
"2873","25"
"2873","40"
"2873","41"
"2873","42"
"2873","81"
"2874","25"
"2874","42"
"2874","55"
"2874","81"
"2875","25"
"2875","42"
"2875","55"
"2875","81"
"2876","26"
"2876","28"
"2876","32"
"2881","25"
"2883","76"
"2884","76"
"2887","98"
"2888","26"
"2888","27"
"2888","28"
"2890","32"
"2891","32"
"2892","32"
"2893","26"
"2893","28"
"2893","94"
"2894","27"
"2894","76"
"2894","99"
"2895","25"
"2895","40"
"2895","42"
"2895","81"
"2896","25"
"2896","40"
"2896","42"
"2896","81"
"2899","78"
"2899","88"
"2899","100"
"2899","101"
"2899","102"
"2900","78"
"2900","88"
"2900","100"
"2900","101"
"2900","102"
"2901","78"
"2901","88"
"2901","100"
"2901","101"
"2901","102"
"2906","26"
"2906","27"
"2906","28"
"2906","32"
"2907","57"
"2908","24"
"2909","24"
"2909","40"
"2910","24"
"2910","25"
"2910","40"
"2911","34"
"2911","37"
"2912","27"
"2913","54"
"2914","24"
"2914","40"
"2915","55"
"2916","55"
"2917","38"
"2917","55"
"2918","25"
"2918","40"
"2919","25"
"2919","41"
"2919","42"
"2920","25"
"2920","40"
"2921","40"
"2922","93"
"2923","26"
"2923","103"
"2924","26"
"2924","28"
"2924","103"
"2925","96"
"2927","40"
"2928","40"
"2931","105"
"2931","106"
"2931","120"
"2932","105"
"2932","106"
"2932","120"
"2933","105"
"2933","106"
"2933","120"
"2934","110"
"2934","112"
"2935","104"
"2936","88"
"2936","110"
"2936","112"
"2936","115"
"2937","100"
"2937","110"
"2943","110"
"2943","112"
"2944","78"
"2944","88"
"2944","112"
"2945","86"
"2945","100"
"2946","110"
"2946","112"
"2947","78"
"2947","88"
"2947","112"
"2948","110"
"2949","112"
"2950","110"
"2951","88"
"2951","100"
"2951","106"
"2955","88"
"2955","100"
"2955","106"
"2956","100"
"2956","110"
"2957","86"
"2957","100"
"2957","106"
"2957","110"
"2958","87"
"2958","88"
"2959","110"
"2960","110"
"2961","112"
"2962","110"
"2962","112"
"2962","115"
"2962","123"
"2963","110"
"2964","110"
"2965","100"
"2965","106"
"2965","110"
"2966","112"
"2966","115"
"2967","78"
"2967","112"
"2967","115"
"2968","78"
"2968","112"
"2968","115"
"2969","88"
"2970","110"
"2971","110"
"2972","86"
"2973","78"
"2973","88"
"2973","112"
"2974","78"
"2974","88"
"2974","112"
"2976","126"
"2977","112"
"2977","115"
"2978","105"
"2978","106"
"2978","120"
"2979","112"
"2981","110"
"2981","111"
"2982","110"
"2982","111"
"2983","110"
"2983","111"
"2984","110"
"2984","111"
"2985","107"
"2986","112"
"2987","110"
"2989","78"
"2989","88"
"2990","78"
"2990","88"
"2991","78"
"2991","88"
"2992","78"
"2992","88"
"2992","112"
"2993","78"
"2993","88"
"2993","112"
"2993","115"
"2994","78"
"2994","88"
"2994","111"
"2994","112"
"2994","115"
"2995","78"
"2995","88"
"2995","112"
"2995","115"
"2996","112"
"2996","115"
"2997","88"
"2997","112"
"2997","115"
"2998","88"
"2998","112"
"2998","115"
"2999","88"
"2999","112"
"3000","110"
"3002","110"
"3002","112"
"3003","110"
"3003","112"
"3004","112"
"3004","126"
"3005","111"
"3005","112"
"3006","88"
"3006","112"
"3006","115"
"3007","78"
"3007","112"
"3008","110"
"3009","69"
"3009","112"
"3010","87"
"3011","87"
"3012","87"
"3013","112"
"3013","115"
"3014","88"
"3015","88"
"3015","112"
"3016","126"
"3017","110"
"3017","111"
"3018","88"
"3018","112"
"3018","126"
"3019","86"
"3019","112"
"3019","126"
"3020","69"
"3020","78"
"3020","112"
"3021","110"
"3022","112"
"3022","115"
"3023","112"
"3023","115"
"3024","78"
"3025","78"
"3025","111"
"3025","112"
"3026","86"
"3027","87"
"3028","112"
"3029","88"
"3029","112"
"3030","110"
"3033","88"
"3033","112"
"3033","115"
"3034","88"
"3034","112"
"3035","88"
"3035","112"
"3036","88"
"3036","113"
"3037","88"
"3038","88"
"3038","112"
"3039","88"
"3040","100"
"3040","101"
"3040","112"
"3041","100"
"3041","101"
"3041","112"
"3042","111"
"3043","100"
"3043","112"
"3044","111"
"3045","100"
"3045","101"
"3046","100"
"3046","101"
"3046","112"
"3047","100"
"3047","101"
"3048","100"
"3048","101"
"3049","100"
"3049","101"
"3049","112"
"3050","78"
"3050","88"
"3051","100"
"3052","78"
"3052","87"
"3054","112"
"3054","115"
"3055","112"
"3055","115"
"3057","112"
"3057","115"
"3061","112"
"3061","115"
"3062","110"
"3063","78"
"3063","88"
"3063","112"
"3064","78"
"3064","112"
"3064","115"
"3065","112"
"3066","86"
"3067","112"
"3068","112"
"3069","110"
"3069","112"
"3069","115"
"3070","122"
"3071","111"
"3072","111"
"3073","86"
"3073","111"
"3074","86"
"3075","112"
"3076","78"
"3076","88"
"3077","88"
"3077","107"
"3077","110"
"3078","88"
"3078","107"
"3078","110"
"3079","107"
"3079","110"
"3080","78"
"3080","88"
"3080","107"
"3081","88"
"3081","100"
"3081","107"
"3082","78"
"3082","88"
"3082","107"
"3083","88"
"3083","107"
"3084","78"
"3084","101"
"3084","112"
"3085","112"
"3086","131"
"3087","78"
"3087","88"
"3087","112"
"3088","110"
"3088","112"
"3089","100"
"3090","104"
"3090","106"
"3091","112"
"3091","115"
"3093","86"
"3094","112"
"3095","122"
"3096","88"
"3096","104"
"3098","104"
"3099","100"
"3099","104"
"3099","106"
"3100","100"
"3100","104"
"3100","106"
"3101","111"
"3101","112"
"3102","112"
"3103","112"
"3104","88"
"3104","112"
"3105","110"
"3105","112"
"3106","112"
"3106","115"
"3107","112"
"3108","131"
"3109","126"
"3110","112"
"3110","126"
"3111","110"
"3111","126"
"3112","112"
"3112","126"
"3113","126"
"3114","104"
"3115","88"
"3116","78"
"3117","110"
"3118","78"
"3119","110"
"3120","78"
"3121","78"
"3122","112"
"3123","112"
"3124","78"
"3124","112"
"3125","78"
"3125","112"
"3129","33"
"3129","66"
"3131","24"
"3131","39"
"3132","59"
"3133","42"
"3134","41"
"3134","42"
"3135","41"
"3135","42"
"3135","72"
"3136","39"
"3136","42"
"3136","72"
"3137","110"
"3137","111"
"3138","88"
"3138","111"
"3139","124"
"3140","110"
"3140","112"
"3150","96"
"3154","112"
"3159","78"
"3159","88"
"3160","78"
"3160","88"
"3169","35"
"3169","62"
"3170","25"
"3170","41"
"3170","42"
"3171","79"
"3172","37"
"3172","40"
"3172","72"
"3172","82"
"3173","40"
"3173","72"
"3174","24"
"3174","40"
"3174","53"
"3174","82"
"3175","87"
"3176","110"
"3176","112"
"3177","86"
"3177","112"
"3178","26"
"3178","28"
"3178","94"
"3182","57"
"3183","25"
"3183","40"
"3183","41"
"3183","72"
"3183","82"
"3184","25"
"3184","40"
"3184","41"
"3184","72"
"3184","82"
"3185","25"
"3185","41"
"3185","72"
"3185","82"
"3186","25"
"3186","41"
"3186","72"
"3186","82"
"3188","57"
"3189","78"
"3189","112"
"3190","78"
"3191","78"
"3192","78"
"3192","112"
"3193","47"
"3193","48"
"3195","47"
"3195","48"
"3196","47"
"3196","48"
"3197","25"
"3197","40"
"3198","122"
"3198","132"
"3199","122"
"3199","132"
"3200","122"
"3200","132"
"3201","112"
"3202","73"
"3202","93"
"3203","55"
"3204","57"
"3207","26"
"3207","28"
"3207","30"
"3208","65"
"3209","30"
"3210","26"
"3210","28"
"3211","26"
"3211","28"
"3212","32"
"3213","26"
"3216","26"
"3216","94"
"3217","27"
"3224","33"
"3224","66"
"3224","133"
"3225","25"
"3225","40"
"3225","42"
"3225","81"
"3226","25"
"3226","40"
"3226","41"
"3226","72"
"3227","64"
"3228","25"
"3229","24"
"3229","25"
"3230","33"
"3230","66"
"3231","34"
"3232","103"
"3233","103"
"3234","79"
"3235","79"
"3236","79"
"3238","32"
"3249","101"
"3250","112"
"3251","100"
"3252","100"
"3253","63"
"3254","63"
"3277","119"
"3278","119"
"3279","119"
"3281","24"
"3291","103"
"3294","111"
"3297","57"
"3298","24"
"3299","111"
"3303","27"
"3304","94"
"3306","27"
"3308","26"
"3308","28"
"3311","27"
"3311","103"
"3314","24"
"3317","30"
"3323","26"
"3324","25"
"3324","40"
"3324","41"
"3325","24"
"3325","25"
"3326","57"
"3328","24"
"3328","25"
"3328","42"
"3328","56"
"3328","81"
"3329","25"
"3329","42"
"3330","24"
"3330","25"
"3331","57"
"3332","30"
"3334","72"
"3336","24"
"3338","54"
"3338","55"
"3338","56"
"3339","24"
"3339","25"
"3339","40"
"3339","54"
"3339","81"
"3340","25"
"3340","40"
"3340","72"
"3342","57"
"3343","57"
"3344","57"
"3345","57"
"3346","57"
"3347","57"
"3348","57"
"3349","57"
"3350","57"
"3351","57"
"3352","57"
"3354","61"
"3356","26"
"3357","26"
"3357","28"
"3357","94"
"3358","26"
"3358","28"
"3358","94"
"3359","26"
"3359","28"
"3360","32"
"3361","32"
"3362","25"
"3363","25"
"3363","40"
"3363","81"
"3364","25"
"3364","40"
"3364","81"
"3365","25"
"3365","40"
"3365","41"
"3367","24"
"3367","25"
"3368","24"
"3368","25"
"3370","24"
"3370","25"
"3370","41"
"3370","72"
"3371","24"
"3371","25"
"3372","24"
"3372","25"
"3372","41"
"3372","72"
"3374","25"
"3374","40"
"3375","37"
"3375","72"
"3378","54"
"3380","57"
"3382","26"
"3382","27"
"3382","94"
"3382","103"
"3383","26"
"3383","27"
"3383","103"
"3384","28"
"3385","96"
"3386","76"
"3386","94"
"3387","26"
"3392","25"
"3393","66"
"3394","27"
"3397","25"
"3397","40"
"3397","81"
"3398","24"
"3398","25"
"3398","40"
"3399","64"
"3400","57"
"3401","26"
"3401","27"
"3401","103"
"3402","24"
"3403","24"
"3404","24"
"3405","72"
"3409","26"
"3409","32"
"3478","76"
"3479","139"
"3480","76"
"3481","24"
"3481","25"
"3481","40"
"3482","24"
"3483","76"
"3484","25"
"3484","40"
"3484","41"
"3484","72"
"3484","134"
"3485","25"
"3485","72"
"3486","25"
"3486","72"
"3487","25"
"3487","41"
"3487","72"
"3487","81"
"3488","25"
"3488","34"
"3488","72"
"3488","82"
"3488","136"
"3489","76"
"3490","24"
"3490","25"
"3490","40"
"3490","72"
"3491","24"
"3491","25"
"3491","40"
"3492","25"
"3493","25"
"3493","40"
"3494","25"
"3494","34"
"3495","57"
"3501","25"
"3501","40"
"3502","24"
"3502","25"
"3502","40"
"3503","24"
"3503","25"
"3503","40"
"3504","24"
"3504","25"
"3504","40"
"3504","41"
"3504","42"
"3504","81"
"3505","28"
"3506","26"
"3506","27"
"3506","28"
"3507","26"
"3507","28"
"3507","80"
"3507","94"
"3508","26"
"3508","80"
"3509","80"
"3510","139"
"3511","30"
"3512","26"
"3512","94"
"3513","28"
"3514","25"
"3514","34"
"3514","37"
"3514","38"
"3514","40"
"3514","41"
"3515","24"
"3515","25"
"3515","40"
"3515","41"
"3515","72"
"3515","134"
"3516","25"
"3516","42"
"3516","81"
"3517","24"
"3517","25"
"3517","40"
"3517","42"
"3517","81"
"3518","25"
"3518","40"
"3527","24"
"3527","25"
"3527","40"
"3530","76"
"3530","94"
"3531","25"
"3532","103"
"3533","103"
"3534","26"
"3534","94"
"3534","103"
"3535","76"
"3536","25"
"3544","26"
"3544","27"
"3544","28"
"3544","30"
"3544","31"
"3544","80"
"3545","27"
"3546","26"
"3546","28"
"3547","32"
"3548","26"
"3548","32"
"3548","94"
"3549","76"
"3549","94"
"3550","32"
"3551","32"
"3553","26"
"3554","64"
"3555","26"
"3556","26"
"3556","32"
"3557","32"
"3558","26"
"3558","32"
"3559","26"
"3559","32"
"3562","68"
"3565","25"
"3565","40"
"3565","41"
"3565","81"
"3566","25"
"3566","40"
"3566","41"
"3566","81"
"3567","24"
"3567","25"
"3567","40"
"3568","25"
"3568","41"
"3568","72"
"3569","24"
"3569","25"
"3570","25"
"3570","40"
"3570","41"
"3573","25"
"3573","40"
"3574","25"
"3574","39"
"3574","40"
"3575","25"
"3575","40"
"3575","41"
"3580","24"
"3580","25"
"3580","40"
"3581","24"
"3581","25"
"3581","40"
"3582","35"
"3582","62"
"3583","24"
"3583","25"
"3584","24"
"3584","25"
"3585","24"
"3585","25"
"3586","24"
"3586","25"
"3586","40"
"3586","41"
"3586","81"
"3587","25"
"3587","40"
"3587","41"
"3587","81"
"3588","40"
"3588","41"
"3589","25"
"3589","40"
"3589","41"
"3594","24"
"3595","24"
"3595","25"
"3596","24"
"3596","25"
"3596","40"
"3596","41"
"3596","72"
"3596","136"
"3597","25"
"3597","41"
"3599","26"
"3599","32"
"3600","32"
"3601","26"
"3601","28"
"3601","94"
"3601","103"
"3602","26"
"3602","28"
"3602","94"
"3603","26"
"3603","32"
"3604","32"
"3604","63"
"3605","26"
"3605","28"
"3605","30"
"3612","25"
"3612","41"
"3613","33"
"3619","103"
"3621","25"
"3621","40"
"3621","72"
"3622","24"
"3622","25"
"3622","40"
"3623","25"
"3623","40"
"3623","81"
"3624","103"
"3625","103"
"3626","103"
"3627","103"
"3628","103"
"3629","26"
"3629","28"
"3630","103"
"3632","77"
"3633","77"
"3634","77"
"3638","66"
"3639","66"
"3640","33"
"3647","33"
"3647","66"
"3648","66"
"3649","33"
"3649","68"
"3650","33"
"3650","66"
"3651","33"
"3651","66"
"3652","33"
"3652","66"
"3655","66"
"3656","66"
"3662","33"
"3662","66"
"3663","33"
"3663","66"
"3664","33"
"3676","77"
"3678","68"
"3712","139"
"3713","32"
"3714","26"
"3714","27"
"3714","32"
"3715","26"
"3715","28"
"3715","94"
"3716","26"
"3716","61"
"3716","96"
"3717","26"
"3718","26"
"3737","24"
"3737","25"
"3737","56"
"3737","81"
"3738","24"
"3738","25"
"3738","41"
"3738","42"
"3738","82"
"3739","24"
"3739","25"
"3739","56"
"3740","24"
"3740","25"
"3740","40"
"3740","41"
"3740","56"
"3741","25"
"3741","40"
"3741","41"
"3741","81"
"3742","25"
"3742","40"
"3742","41"
"3742","81"
"3743","24"
"3743","25"
"3743","40"
"3743","41"
"3743","42"
"3743","72"
"3745","25"
"3745","40"
"3745","41"
"3745","42"
"3746","24"
"3746","25"
"3746","41"
"3747","24"
"3747","25"
"3747","38"
"3747","40"
"3748","32"
"3757","26"
"3757","27"
"3757","94"
"3758","27"
"3761","41"
"3762","38"
"3763","24"
"3764","39"
"3764","40"
"3764","72"
"3765","24"
"3765","25"
"3766","38"
"3767","25"
"3767","41"
"3768","40"
"3770","27"
"3771","26"
"3771","61"
"3773","28"
"3775","103"
"3776","103"
"3777","76"
"3778","76"
"3780","26"
"3780","61"
"3781","26"
"3781","28"
"3781","94"
"3782","25"
"3782","72"
"3782","82"
"3783","25"
"3783","40"
"3783","41"
"3783","72"
"3784","38"
"3787","24"
"3788","39"
"3788","40"
"3789","34"
"3789","38"
"3789","47"
"3790","37"
"3790","38"
"3790","47"
"3791","47"
"3791","49"
"3792","47"
"3793","24"
"3794","24"
"3794","25"
"3794","42"
"3796","25"
"3805","66"
"3806","66"
"3807","66"
"3808","66"
"3809","66"
"3810","68"
"3813","27"
"3813","76"
"3817","54"
"3818","24"
"3829","25"
"3829","38"
"3832","24"
"3832","25"
"3832","40"
"3833","76"
"3834","76"
"3835","76"
"3836","76"
"3837","76"
"3838","24"
"3839","24"
"3840","24"
"3840","38"
"3841","25"
"3841","40"
"3842","25"
"3842","40"
"3843","25"
"3843","40"
"3843","55"
"3844","25"
"3844","55"
"3845","79"
"3846","26"
"3846","28"
"3856","28"
"3857","28"
"3858","25"
"3858","40"
"3858","41"
"3858","72"
"3859","94"
"3860","76"
"3861","76"
"3862","28"
"3863","76"
"3864","28"
"3864","32"
"3865","76"
"3866","76"
"3867","76"
"3868","76"
"3868","103"
"3869","40"
"3869","41"
"3869","72"
"3870","26"
"3870","27"
"3870","28"
"3870","32"
"3870","76"
"3870","94"
"3876","24"
"3877","24"
"3878","38"
"3879","24"
"3879","25"
"3879","55"
"3880","25"
"3881","25"
"3881","40"
"3882","25"
"3883","25"
"3884","25"
"3885","25"
"3886","25"
"3886","81"
"3887","25"
"3887","81"
"3896","76"
"3896","94"
"3897","27"
"3897","76"
"3897","103"
"3907","25"
"3908","25"
"3909","72"
"3910","40"
"3910","72"
"3911","72"
"3912","40"
"3912","72"
"3913","40"
"3913","72"
"3914","25"
"3915","25"
"3916","25"
"3916","40"
"3917","25"
"3917","81"
"3918","25"
"3918","81"
"3919","25"
"3919","81"
"3920","25"
"3920","81"
"3921","25"
"3921","81"
"3922","26"
"3922","32"
"3923","28"
"3923","32"
"3924","26"
"3924","32"
"3925","26"
"3926","26"
"3926","32"
"3927","27"
"3928","26"
"3929","26"
"3930","103"
"3931","76"
"3932","27"
"3932","76"
"3933","76"
"3934","28"
"3935","26"
"3936","96"
"3937","64"
"3940","29"
"3941","29"
"3942","75"
"3942","76"
"3943","30"
"3943","76"
"3946","76"
"3947","26"
"3949","80"
"3950","76"
"3950","139"
"3952","26"
"3952","27"
"3952","76"
"3952","94"
"3952","139"
"3953","28"
"3954","26"
"3954","28"
"3954","31"
"3954","80"
"3955","26"
"3955","28"
"3955","31"
"3955","80"
"3956","26"
"3956","31"
"3956","80"
"3957","26"
"3957","31"
"3957","80"
"3958","26"
"3958","31"
"3958","80"
"3959","76"
"3960","26"
"3960","28"
"3960","31"
"3960","80"
"3961","76"
"3980","25"
"3980","53"
"3980","81"
"3981","25"
"3981","81"
"3981","136"
"3982","25"
"3982","81"
"3983","25"
"3983","72"
"3984","25"
"3984","72"
"3985","25"
"3985","72"
"3986","25"
"3995","25"
"3995","55"
"3995","56"
"3995","81"
"3996","25"
"3997","25"
"3998","25"
"3998","81"
"3999","25"
"3999","41"
"4000","25"
"4001","25"
"4001","55"
"4001","81"
"4002","25"
"4002","37"
"4003","25"
"4003","40"
"4004","25"
"4004","39"
"4004","40"
"4005","76"
"4006","76"
"4007","76"
"4008","76"
"4009","26"
"4009","28"
"4010","26"
"4013","32"
"4015","76"
"4016","76"
"4017","79"
"4018","76"
"4027","26"
"4027","27"
"4027","32"
"4027","139"
"4028","24"
"4028","25"
"4028","40"
"4029","26"
"4029","27"
"4029","28"
"4029","32"
"4029","63"
"4029","95"
"4029","103"
"4029","139"
"4030","26"
"4030","29"
"4030","79"
"4031","76"
"4033","32"
"4033","97"
"4034","32"
"4035","32"
"4035","95"
"4036","26"
"4036","28"
"4036","30"
"4036","31"
"4036","80"
"4037","26"
"4037","28"
"4038","103"
"4039","26"
"4039","103"
"4040","26"
"4040","32"
"4040","103"
"4041","26"
"4041","27"
"4041","28"
"4041","103"
"4042","26"
"4042","28"
"4043","32"
"4043","103"
"4044","103"
"4045","61"
"4045","103"
"4046","26"
"4047","26"
"4047","28"
"4047","94"
"4048","24"
"4048","25"
"4048","40"
"4049","24"
"4049","25"
"4049","40"
"4050","25"
"4050","41"
"4050","72"
"4051","25"
"4051","135"
"4052","24"
"4052","25"
"4052","42"
"4052","81"
"4053","24"
"4053","25"
"4053","56"
"4054","37"
"4054","56"
"4060","25"
"4060","72"
"4060","134"
"4063","26"
"4064","140"
"4066","103"
"4072","25"
"4072","72"
"4073","25"
"4073","72"
"4074","25"
"4075","25"
"4076","25"
"4077","25"
"4078","25"
"4092","32"
"4093","25"
"4094","25"
"4095","25"
"4096","25"
"4096","40"
"4097","25"
"4103","25"
"4104","24"
"4104","25"
"4105","25"
"4105","40"
"4106","24"
"4106","40"
"4107","25"
"4108","24"
"4108","25"
"4109","24"
"4113","28"
"4114","27"
"4115","26"
"4116","76"
"4118","80"
"4119","94"
"4121","25"
"4121","38"
"4123","25"
"4123","38"
"4124","27"
"4125","141"
"4127","26"
"4128","26"
"4129","26"
"4137","32"
"4140","32"
"4145","142"
"4146","143"
"4147","27"
"4148","139"
"4149","27"
"4150","26"
"4151","26"
"4152","26"
"4153","26"
"4154","26"
"4155","76"
"4172","59"
"4172","72"
"4173","25"
"4173","59"
"4174","25"
"4174","59"
"4175","24"
"4175","25"
"4175","59"
"4176","25"
"4176","136"
"4177","25"
"4177","81"
"4178","25"
"4178","40"
"4179","25"
"4179","136"
"4181","25"
"4182","25"
"4183","25"
"4184","25"
"4185","24"
"4185","25"
"4186","24"
"4186","25"
"4187","27"
"4189","28"
"4189","103"
"4190","103"
"4191","28"
"4192","28"
"4193","103"
"4194","103"
"4195","103"
"4197","148"
"4200","24"
"4200","25"
"4201","25"
"4201","40"
"4201","53"
"4209","41"
"4209","72"
"4210","25"
"4210","40"
"4211","24"
"4212","40"
"4212","72"
"4213","39"
"4214","39"
"4215","25"
"4215","40"
"4218","28"
"4219","139"
"4220","139"
"4221","27"
"4222","28"
"4231","25"
"4231","72"
"4232","25"
"4233","144"
"4234","24"
"4235","24"
"4235","144"
"4236","148"
"4237","25"
"4245","27"
"4245","28"
"4246","28"
"4246","32"
"4247","32"
"4248","28"
"4248","32"
"4249","26"
"4250","28"
"4251","27"
"4251","28"
"4252","28"
"4253","94"
"4254","26"
"4254","28"
"4255","28"
"4256","26"
"4256","27"
"4256","139"
"4257","27"
"4258","27"
"4258","139"
"4259","76"
"4260","27"
"4261","29"
"4261","61"
"4262","29"
"4262","61"
"4263","26"
"4263","28"
"4264","27"
"4264","76"
"4264","139"
"4265","25"
"4265","40"
"4265","81"
"4266","25"
"4266","40"
"4267","25"
"4267","40"
"4268","25"
"4268","40"
"4269","25"
"4269","41"
"4269","72"
"4270","25"
"4270","41"
"4270","72"
"4271","25"
"4271","41"
"4271","72"
"4271","81"
"4275","26"
"4276","26"
"4277","26"
"4278","32"
"4286","24"
"4286","38"
"4287","24"
"4287","38"
"4288","25"
"4288","56"
"4288","81"
"4289","41"
"4289","58"
"4290","25"
"4290","81"
"4291","24"
"4291","40"
"4292","81"
"4293","81"
"4295","146"
"4296","146"
"4309","28"
"4310","26"
"4310","27"
"4310","28"
"4311","27"
"4311","139"
"4312","26"
"4312","28"
"4313","27"
"4313","139"
"4314","28"
"4314","103"
"4315","26"
"4316","32"
"4317","26"
"4318","28"
"4319","28"
"4341","80"
"4342","25"
"4342","42"
"4342","81"
"4343","24"
"4343","25"
"4343","38"
"4344","24"
"4344","25"
"4344","38"
"4345","24"
"4345","25"
"4345","38"
"4346","25"
"4346","40"
"4347","25"
"4347","38"
"4348","25"
"4348","72"
"4349","25"
"4349","41"
"4350","25"
"4351","25"
"4352","25"
"4352","40"
"4352","42"
"4353","24"
"4354","24"
"4354","25"
"4354","81"
"4355","25"
"4355","81"
"4356","81"
"4362","25"
"4362","72"
"4363","25"
"4363","40"
"4364","25"
"4365","25"
"4365","40"
"4369","28"
"4370","26"
"4370","28"
"4371","26"
"4371","28"
"4372","26"
"4372","28"
"4373","103"
"4374","103"
"4375","103"
"4376","103"
"4377","28"
"4377","76"
"4377","103"
"4378","28"
"4379","28"
"4379","32"
"4380","28"
"4381","76"
"4382","32"
"4382","147"
"4383","32"
"4384","28"
"4385","26"
"4386","26"
"4387","26"
"4387","28"
"4387","94"
"4388","26"
"4388","28"
"4388","94"
"4389","26"
"4389","28"
"4389","94"
"4390","28"
"4391","26"
"4391","28"
"4391","94"
"4395","27"
"4395","28"
"4395","76"
"4399","33"
"4400","90"
"4401","137"
"4402","90"
"4405","33"
"4406","66"
"4407","89"
"4408","137"
"4410","148"
"4412","144"
"4413","144"
"4414","76"
"4414","94"
"4415","103"
"4416","28"
"4417","26"
"4417","94"
"4417","96"
"4418","27"
"4418","94"
"4418","139"
"4419","27"
"4419","139"
"4434","26"
"4434","28"
"4435","25"
"4435","38"
"4435","40"
"4436","24"
"4436","25"
"4436","81"
"4437","24"
"4437","25"
"4438","24"
"4438","25"
"4438","40"
"4438","81"
"4444","40"
"4444","54"
"4445","25"
"4445","41"
"4447","59"
"4448","25"
"4448","72"
"4448","134"
"4449","148"
"4451","148"
"4452","25"
"4452","81"
"4453","25"
"4454","25"
"4454","81"
"4455","25"
"4455","40"
"4455","81"
"4457","66"
"4458","92"
"4459","33"
"4460","92"
"4461","77"
"4462","89"
"4464","90"
"4465","103"
"4466","28"
"4466","145"
"4471","137"
"4476","90"
"4478","25"
"4479","25"
"4482","25"
"4483","25"
"4483","81"
"4484","25"
"4485","25"
"4486","72"
"4487","25"
"4487","81"
"4489","32"
"4490","28"
"4490","103"
"4492","90"
"4494","25"
"4494","39"
"4494","40"
"4495","28"
"4495","103"
"4496","28"
"4496","94"
"4496","145"
"4497","28"
"4498","28"
"4499","28"
"4499","94"
"4499","145"
"4500","28"
"4501","76"
"4501","94"
"4501","145"
"4502","28"
"4502","32"
"4528","25"
"4528","40"
"4529","25"
"4529","40"
"4530","25"
"4531","25"
"4532","25"
"4533","25"
"4533","40"
"4534","25"
"4535","25"
"4536","25"
"4537","25"
"4538","25"
"4539","25"
"4540","25"
"4541","25"
"4541","40"
"4542","25"
"4542","40"
"4543","25"
"4544","25"
"4545","25"
"4546","25"
"4547","25"
"4547","40"
"4548","25"
"4549","25"
"4551","26"
"4551","27"
"4551","28"
"4551","95"
"4551","103"
"4551","139"
"4552","27"
"4552","76"
"4552","139"
"4553","27"
"4553","139"
"4554","27"
"4554","139"
"4555","27"
"4555","28"
"4555","94"
"4555","139"
"4556","27"
"4556","28"
"4556","94"
"4556","139"
"4557","27"
"4557","99"
"4558","27"
"4559","27"
"4559","94"
"4559","139"
"4560","80"
"4561","30"
"4561","80"
"4562","32"
"4562","103"
"4562","145"
"4563","80"
"4564","80"
"4565","28"
"4565","103"
"4566","28"
"4566","32"
"4566","103"
"4567","28"
"4567","32"
"4567","145"
"4569","28"
"4569","94"
"4570","28"
"4571","26"
"4571","28"
"4571","94"
"4593","90"
"4601","96"
"4602","96"
"4603","96"
"4604","93"
"4604","96"
"4605","93"
"4605","96"
"4606","93"
"4606","96"
"4607","93"
"4607","96"
"4607","141"
"4608","93"
"4608","96"
"4609","96"
"4610","96"
"4611","96"
"4612","96"
"4613","29"
"4613","96"
"4614","93"
"4614","96"
"4615","96"
"4616","96"
"4617","96"
"4618","96"
"4619","96"
"4620","96"
"4621","26"
"4621","28"
"4622","28"
"4623","54"
"4624","54"
"4625","54"
"4626","54"
"4627","58"
"4628","54"
"4629","54"
"4630","54"
"4631","54"
"4632","54"
"4633","58"
"4634","54"
"4635","54"
"4636","54"
"4637","54"
"4638","54"
"4639","54"
"4640","54"
"4641","54"
"4642","54"
"4643","33"
"4643","137"
"4647","54"
"4648","54"
"4649","40"
"4650","54"
"4651","24"
"4651","144"
"4652","25"
"4652","54"
"4654","148"
"4655","47"
"4655","49"
"4655","54"
"4662","24"
"4662","144"
"4663","40"
"4665","40"
"4666","40"
"4667","41"
"4668","25"
"4669","25"
"4669","40"
"4670","46"
"4671","81"
"4673","80"
"4698","54"
"4698","149"
"4699","54"
"4699","149"
"4700","54"
"4700","149"
"4701","25"
"4701","41"
"4701","56"
"4702","25"
"4702","40"
"4703","25"
"4703","40"
"4704","25"
"4704","40"
"4705","25"
"4705","40"
"4706","25"
"4707","25"
"4708","25"
"4709","25"
"4710","24"
"4710","25"
"4711","25"
"4711","52"
"4711","72"
"4712","25"
"4712","52"
"4712","72"
"4715","25"
"4716","25"
"4717","25"
"4717","55"
"4718","25"
"4718","55"
"4719","24"
"4719","39"
"4720","25"
"4721","25"
"4722","25"
"4723","54"
"4723","55"
"4724","25"
"4724","38"
"4724","72"
"4725","25"
"4726","94"
"4727","28"
"4727","94"
"4727","145"
"4728","96"
"4730","28"
"4730","103"
"4731","28"
"4731","103"
"4732","103"
"4732","145"
"4733","27"
"4733","28"
"4733","103"
"4733","139"
"4734","28"
"4734","103"
"4739","28"
"4739","76"
"4739","99"
"4740","32"
"4740","76"
"4740","94"
"4740","99"
"4740","103"
"4740","145"
"4741","28"
"4741","94"
"4741","145"
"4742","28"
"4742","32"
"4743","28"
"4743","32"
"4744","26"
"4744","28"
"4744","32"
"4745","28"
"4746","28"
"4747","26"
"4747","28"
"4747","94"
"4747","145"
"4748","26"
"4748","28"
"4749","28"
"4750","26"
"4750","28"
"4751","26"
"4751","28"
"4752","99"
"4752","103"
"4752","139"
"4753","28"
"4753","32"
"4754","27"
"4754","28"
"4754","32"
"4754","94"
"4754","103"
"4754","139"
"4754","145"
"4755","28"
"4756","27"
"4756","76"
"4756","103"
"4756","139"
"4757","28"
"4758","26"
"4758","28"
"4758","145"
"4759","26"
"4759","28"
"4759","94"
"4759","145"
"4760","27"
"4760","28"
"4760","76"
"4760","103"
"4760","139"
"4761","94"
"4762","28"
"4762","29"
"4762","32"
"4762","145"
"4763","96"
"4764","28"
"4764","76"
"4764","94"
"4764","145"
"4765","26"
"4765","28"
"4766","28"
"4766","94"
"4766","96"
"4766","139"
"4766","145"
"4768","28"
"4768","94"
"4768","96"
"4768","145"
"4769","28"
"4770","28"
"4771","28"
"4772","76"
"4773","76"
"4773","94"
"4773","145"
"4781","28"
"4781","96"
"4782","28"
"4782","76"
"4782","94"
"4782","103"
"4782","145"
"4784","33"
"4786","24"
"4786","144"
"4787","24"
"4787","144"
"4791","24"
"4791","25"
"4791","56"
"4792","25"
"4792","40"
"4792","81"
"4793","39"
"4793","149"
"4794","39"
"4794","149"
"4795","39"
"4795","149"
"4796","54"
"4797","24"
"4797","25"
"4798","25"
"4798","55"
"4799","25"
"4799","42"
"4800","25"
"4800","42"
"4800","81"
"4806","25"
"4806","41"
"4806","72"
"4807","25"
"4807","41"
"4807","72"
"4808","25"
"4808","41"
"4808","72"
"4808","82"
"4812","26"
"4813","25"
"4813","41"
"4813","72"
"4814","28"
"4815","28"
"4816","25"
"4816","40"
"4816","72"
"4817","25"
"4817","41"
"4817","72"
"4818","28"
"4818","96"
"4819","28"
"4819","32"
"4820","25"
"4820","40"
"4820","72"
"4821","28"
"4821","96"
"4822","27"
"4822","28"
"4822","99"
"4822","139"
"4823","26"
"4824","26"
"4824","152"
"4825","26"
"4825","28"
"4826","76"
"4826","143"
"4827","143"
"4828","61"
"4828","76"
"4828","94"
"4829","61"
"4829","94"
"4831","28"
"4831","32"
"4831","94"
"4832","25"
"4832","41"
"4832","72"
"4838","66"
"4839","66"
"4840","66"
"4841","66"
"4842","24"
"4842","25"
"4842","39"
"4842","144"
"4843","39"
"4844","25"
"4844","39"
"4845","25"
"4846","24"
"4846","25"
"4847","24"
"4847","25"
"4848","39"
"4859","28"
"4859","29"
"4859","94"
"4875","32"
"4876","27"
"4876","94"
"4876","139"
"4877","76"
"4877","143"
"4878","26"
"4878","32"
"4878","94"
"4879","26"
"4880","76"
"4880","94"
"4881","26"
"4881","28"
"4881","146"
"4882","26"
"4882","28"
"4882","145"
"4883","28"
"4884","28"
"4884","76"
"4884","145"
"4885","27"
"4885","61"
"4885","139"
"4886","61"
"4886","76"
"4886","145"
"4887","61"
"4888","76"
"4888","145"
"4889","28"
"4890","32"
"4891","143"
"4892","76"
"4892","153"
"4892","156"
"4893","27"
"4893","28"
"4893","99"
"4893","139"
"4894","26"
"4894","28"
"4895","27"
"4895","28"
"4895","145"
"4896","28"
"4896","103"
"4897","157"
"4897","158"
"4898","154"
"4899","157"
"4899","158"
"4900","28"
"4900","29"
"4900","61"
"4901","28"
"4901","32"
"4902","28"
"4903","28"
"4904","28"
"4905","28"
"4906","28"
"4907","28"
"4908","32"
"4908","161"
"4909","146"
"4909","154"
"4910","146"
"4910","154"
"4911","25"
"4911","38"
"4912","25"
"4912","59"
"4912","72"
"4912","82"
"4913","25"
"4913","38"
"4914","25"
"4914","38"
"4914","72"
"4914","135"
"4915","25"
"4915","38"
"4915","72"
"4916","41"
"4916","81"
"4917","38"
"4917","81"
"4918","25"
"4918","81"
"4919","24"
"4919","81"
"4920","25"
"4920","41"
"4920","72"
"4920","81"
"4921","39"
"4921","40"
"4922","39"
"4922","40"
"4922","41"
"4923","111"
"4925","159"
"4926","25"
"4926","41"
"4926","72"
"4926","82"
"4968","26"
"4968","28"
"4970","76"
"4970","145"
"4970","157"
"4971","76"
"4972","32"
"4973","24"
"4973","25"
"4973","144"
"4974","25"
"4976","25"
"4976","39"
"4977","25"
"4978","25"
"4979","25"
"4979","40"
"4980","25"
"4980","40"
"4981","25"
"4981","40"
"4982","25"
"4982","40"
"4982","149"
"4983","25"
"4983","40"
"4984","25"
"4984","40"
"4985","25"
"4985","39"
"4986","25"
"4986","40"
"4986","149"
"4987","25"
"4987","40"
"4988","24"
"4988","25"
"4989","25"
"4989","39"
"4990","25"
"4990","39"
"4992","27"
"4992","28"
"4992","103"
"4993","28"
"4993","164"
"4994","28"
"4995","28"
"4995","103"
"4995","145"
"4996","26"
"4996","28"
"4996","164"
"4997","27"
"4997","28"
"4997","76"
"4997","103"
"4997","139"
"4997","145"
"4997","163"
"4998","103"
"4998","145"
"4999","28"
"4999","164"
"5000","28"
"5001","28"
"5002","28"
"5003","28"
"5004","28"
"5004","164"
"5005","28"
"5006","28"
"5007","26"
"5007","28"
"5007","76"
"5008","96"
"5008","156"
"5009","145"
"5010","28"
"5010","164"
"5011","28"
"5011","164"
"5012","61"
"5012","163"
"5013","25"
"5013","41"
"5013","72"
"5015","26"
"5016","28"
"5016","76"
"5017","88"
"5020","86"
"5022","126"
"5024","112"
"5025","100"
"5026","100"
"5027","110"
"5028","116"
"5029","112"
"5039","107"
"5041","78"
"5042","131"
"5043","119"
"5075","39"
"5075","47"
"5075","72"
"5076","54"
"5076","55"
"5077","39"
"5077","47"
"5077","72"
"5078","25"
"5078","81"
"5079","25"
"5080","28"
