"Keyword_ID","Thesis_ID","KeywordThesis_Status"
"13032","779","1"
"15640","778","1"
"15641","778","1"
"15530","777","1"
"15531","777","1"
"15542","776","1"
"15543","776","1"
"18671","775","1"
"18672","775","1"
"20984","774","1"
"20985","774","1"
"15532","773","1"
"15533","773","1"
"15540","772","1"
"15541","772","1"
"14874","771","1"
"14875","771","1"
"14872","769","1"
"14873","769","1"
"14870","768","1"
"14871","768","1"
"16767","767","1"
"16768","767","1"
"16761","766","1"
"16762","766","1"
"16765","765","1"
"16766","765","1"
"16763","764","1"
"12356","702","1"
"22972","559","1"
"22973","559","1"
"11807","558","1"
"11808","558","1"
"11809","558","1"
"11810","558","1"
"11811","558","1"
"17729","1261","1"
"17730","1261","1"
"16764","764","1"
"15236","763","1"
"15237","763","1"
"21571","762","1"
"21572","762","1"
"14037","260","1"
"14038","260","1"
"14039","260","1"
"14040","260","1"
"14027","256","1"
"19835","1278","1"
"19836","1278","1"
"12785","719","1"
"14028","256","1"
"14029","256","1"
"14030","256","1"
"14031","256","1"
"18435","1276","1"
"12786","719","1"
"17892","1297","1"
"17888","1296","1"
"17898","1298","1"
"17893","1297","1"
"15226","656","1"
"19746","1257","1"
"17720","1256","1"
"22100","654","1"
"22101","654","1"
"22572","1677","1"
"22132","1675","1"
"15198","652","1"
"15199","652","1"
"19568","1089","1"
"19374","1051","1"
"19375","1051","1"
"12834","555","1"
"12835","555","1"
"18696","1429","1"
"15227","656","1"
"19566","1088","1"
"19567","1088","1"
"17363","1093","1"
"19479","1092","1"
"10457","595","1"
"10452","27","1"
"14143","122","1"
"13865","49","1"
"13858","204","1"
"13374","638","1"
"13375","638","1"
"23251","988","1"
"15012","593","1"
"13377","647","1"
"12806","209","1"
"13714","195","1"
"15450","308","1"
"13775","181","1"
"13630","53","1"
"12780","761","1"
"12781","761","1"
"23094","1767","1"
"22120","948","1"
"16044","759","1"
"20565","1102","1"
"20566","1102","1"
"15102","98","1"
"15639","778","1"
"15634","420","1"
"13796","363","1"
"15645","781","1"
"13202","298","1"
"12972","338","1"
"14599","921","1"
"15612","607","1"
"20154","1137","1"
"10251","572","1"
"20355","963","1"
"15619","462","1"
"22153","1012","1"
"15614","445","1"
"20686","1013","1"
"15609","607","1"
"18697","1429","1"
"19756","1268","1"
"19757","1268","1"
"13635","56","1"
"13654","208","1"
"13450","242","1"
"10252","572","1"
"20952","1633","1"
"19368","691","1"
"15207","316","1"
"15208","316","1"
"15209","316","1"
"15212","315","1"
"21083","1158","1"
"14886","833","1"
"13554","832","1"
"13555","832","1"
"13560","831","1"
"13800","431","1"
"22114","311","1"
"22115","311","1"
"22116","311","1"
"19877","947","1"
"19875","946","1"
"21939","1017","1"
"20182","1014","1"
"20183","1014","1"
"16045","759","1"
"20170","1120","1"
"17250","1119","1"
"14662","755","1"
"14663","755","1"
"22978","1882","1"
"22979","1882","1"
"14415","309","1"
"13801","431","1"
"13802","431","1"
"14297","432","1"
"17966","1311","1"
"23283","1067","1"
"19941","715","1"
"17251","1119","1"
"23131","1772","1"
"23098","1769","1"
"20356","963","1"
"20357","963","1"
"14629","291","1"
"14630","291","1"
"14416","309","1"
"14417","309","1"
"14418","309","1"
"14298","432","1"
"14299","432","1"
"13451","242","1"
"223","28","1"
"222","28","1"
"221","28","1"
"226","29","1"
"225","29","1"
"224","29","1"
"15213","315","1"
"15214","315","1"
"15215","315","1"
"21203","1657","1"
"21204","1657","1"
"17005","733","1"
"12605","377","1"
"12606","377","1"
"17646","1243","1"
"21178","355","1"
"22059","282","1"
"22060","282","1"
"21940","1017","1"
"22623","919","1"
"21368","1130","1"
"20172","1116","1"
"19942","715","1"
"19936","698","1"
"19937","698","1"
"11650","903","1"
"11651","903","1"
"17505","1208","1"
"17914","1301","1"
"22957","1300","1"
"20953","1633","1"
"255","28","1"
"254","28","1"
"253","28","1"
"252","28","1"
"15216","315","1"
"15217","314","1"
"15218","314","1"
"15219","314","1"
"15220","314","1"
"15221","314","1"
"14285","421","1"
"19752","1269","1"
"21179","355","1"
"17006","733","1"
"22647","354","1"
"22648","354","1"
"10206","352","1"
"10207","352","1"
"10208","352","1"
"15697","351","1"
"14700","754","1"
"14701","754","1"
"19938","698","1"
"14074","954","1"
"12375","750","1"
"20052","1151","1"
"20053","1151","1"
"19750","1270","1"
"20343","387","1"
"9636","665","1"
"15451","308","1"
"15452","308","1"
"15453","308","1"
"15454","308","1"
"13205","307","1"
"13206","307","1"
"19753","1269","1"
"22548","1676","1"
"12775","306","1"
"12776","306","1"
"17982","1314","1"
"21101","442","1"
"297","29","1"
"296","29","1"
"295","29","1"
"294","29","1"
"19878","947","1"
"12607","376","1"
"16142","102","1"
"12613","375","1"
"12614","375","1"
"13776","181","1"
"20831","533","1"
"16272","381","1"
"16273","381","1"
"12617","374","1"
"13777","181","1"
"12615","380","1"
"12616","380","1"
"16143","102","1"
"12611","379","1"
"12618","374","1"
"16144","102","1"
"13426","373","1"
"13427","373","1"
"20028","1236","1"
"14300","433","1"
"13568","402","1"
"17377","1094","1"
"20434","401","1"
"20435","401","1"
"10213","494","1"
"20344","387","1"
"20345","387","1"
"14403","386","1"
"22256","904","1"
"22257","904","1"
"21283","1463","1"
"13290","905","1"
"12352","707","1"
"12353","707","1"
"20026","1234","1"
"20022","1235","1"
"12350","705","1"
"12351","705","1"
"12354","706","1"
"12355","706","1"
"12358","704","1"
"12359","704","1"
"12348","703","1"
"12612","379","1"
"14404","386","1"
"14271","385","1"
"12349","703","1"
"23314","1237","1"
"23315","1237","1"
"20029","1236","1"
"20023","1235","1"
"20027","1234","1"
"20024","1233","1"
"14032","368","1"
"14033","368","1"
"14034","368","1"
"14293","435","1"
"20158","1140","1"
"21229","357","1"
"21230","357","1"
"17364","1093","1"
"12502","696","1"
"14161","679","1"
"14162","679","1"
"13689","678","1"
"16282","337","1"
"16283","337","1"
"16284","337","1"
"16290","45","1"
"14272","385","1"
"14269","384","1"
"14270","384","1"
"14267","383","1"
"13564","400","1"
"13565","400","1"
"21879","1742","1"
"377","48","1"
"376","48","1"
"375","48","1"
"380","48","1"
"379","48","1"
"378","48","1"
"14301","433","1"
"14302","433","1"
"13293","424","1"
"13561","831","1"
"13596","830","1"
"13597","830","1"
"12777","306","1"
"14730","515","1"
"13690","678","1"
"17708","1139","1"
"19790","1506","1"
"19791","1506","1"
"15615","445","1"
"13821","664","1"
"13822","664","1"
"16251","551","1"
"7037","548","1"
"7038","548","1"
"7039","548","1"
"23213","1430","1"
"9640","666","1"
"9641","666","1"
"14228","547","1"
"14229","547","1"
"9637","665","1"
"13558","480","1"
"20505","669","1"
"17359","1091","1"
"21810","1313","1"
"8071","405","1"
"12822","629","1"
"19926","692","1"
"19369","691","1"
"20111","920","1"
"20078","650","1"
"20079","650","1"
"22155","1143","1"
"13421","116","1"
"13422","116","1"
"22895","1770","1"
"18915","1459","1"
"18885","1454","1"
"20017","1452","1"
"21211","1451","1"
"15649","411","1"
"17507","1216","1"
"20762","1215","1"
"17549","1222","1"
"21768","1610","1"
"15646","781","1"
"17212","264","1"
"13195","283","1"
"13196","283","1"
"13197","283","1"
"13191","268","1"
"13192","268","1"
"13193","268","1"
"15301","741","1"
"21219","1651","1"
"20391","1251","1"
"12376","750","1"
"12371","749","1"
"12372","749","1"
"13291","905","1"
"13292","905","1"
"17706","1135","1"
"17707","1135","1"
"22930","1136","1"
"22931","1136","1"
"22870","1207","1"
"22871","1207","1"
"12369","744","1"
"19811","806","1"
"9576","659","1"
"15544","528","1"
"15546","527","1"
"22295","1776","1"
"21758","1607","1"
"22258","904","1"
"16291","45","1"
"16046","759","1"
"18476","1118","1"
"14159","689","1"
"12973","338","1"
"9240","567","1"
"12340","476","1"
"20156","1138","1"
"15616","445","1"
"13308","340","1"
"23248","1166","1"
"15620","462","1"
"22249","1597","1"
"13600","829","1"
"17709","1139","1"
"14174","658","1"
"23099","1769","1"
"22129","1675","1"
"21654","1709","1"
"21649","1708","1"
"17246","1113","1"
"17670","1249","1"
"14631","291","1"
"13964","290","1"
"13965","290","1"
"13966","290","1"
"19261","461","1"
"14230","547","1"
"14231","547","1"
"14223","546","1"
"14224","546","1"
"17247","1113","1"
"13606","475","1"
"22121","948","1"
"22560","1115","1"
"23051","1887","1"
"8072","405","1"
"17417","1090","1"
"20801","1433","1"
"20452","1111","1"
"17378","1094","1"
"12823","629","1"
"12503","696","1"
"19927","692","1"
"15660","536","1"
"15661","536","1"
"20832","533","1"
"14092","523","1"
"14084","522","1"
"19939","698","1"
"19943","715","1"
"15910","520","1"
"15911","520","1"
"10214","494","1"
"14286","421","1"
"14287","421","1"
"12778","306","1"
"20448","1586","1"
"15751","466","1"
"15752","466","1"
"20828","327","1"
"20829","327","1"
"18849","1449","1"
"20138","589","1"
"15013","593","1"
"22117","311","1"
"23052","1887","1"
"12970","516","1"
"21048","1642","1"
"21049","1642","1"
"19814","853","1"
"23006","1653","1"
"9241","567","1"
"21084","1158","1"
"9242","567","1"
"21639","1705","1"
"22642","1739","1"
"12550","416","1"
"20056","1134","1"
"22873","1629","1"
"15753","466","1"
"20057","1134","1"
"12558","415","1"
"12549","414","1"
"18865","1442","1"
"16110","587","1"
"22970","1128","1"
"20543","1501","1"
"13642","57","1"
"22863","1504","1"
"21880","1742","1"
"19748","1258","1"
"16265","562","1"
"20347","851","1"
"19762","1473","1"
"20159","1140","1"
"16111","587","1"
"12341","476","1"
"23214","1430","1"
"12707","583","1"
"20506","669","1"
"22122","948","1"
"13725","585","1"
"13726","585","1"
"16274","381","1"
"20233","582","1"
"18407","465","1"
"16255","335","1"
"12609","378","1"
"18408","465","1"
"15621","462","1"
"15629","418","1"
"15455","304","1"
"19928","692","1"
"22874","1629","1"
"16806","1165","1"
"13601","829","1"
"13598","828","1"
"22968","1514","1"
"22057","282","1"
"21346","1608","1"
"13382","645","1"
"13837","364","1"
"13797","363","1"
"15310","285","1"
"20656","1513","1"
"23328","783","1"
"13967","290","1"
"18437","1277","1"
"20495","643","1"
"13841","47","1"
"13877","301","1"
"13559","480","1"
"14232","547","1"
"20614","1599","1"
"20706","1612","1"
"20522","1197","1"
"14225","546","1"
"22555","600","1"
"20658","588","1"
"22561","1115","1"
"17248","1114","1"
"13604","477","1"
"18465","473","1"
"21220","1651","1"
"18651","1112","1"
"18466","473","1"
"18467","473","1"
"15758","464","1"
"15759","464","1"
"20025","1233","1"
"15655","412","1"
"18843","1448","1"
"18844","1448","1"
"13259","606","1"
"13260","606","1"
"15656","412","1"
"15657","412","1"
"18436","1276","1"
"20823","1240","1"
"23071","1759","1"
"23072","1759","1"
"20817","786","1"
"13878","301","1"
"13879","301","1"
"20504","669","1"
"14281","417","1"
"20450","1248","1"
"23100","1285","1"
"16731","1150","1"
"22156","1143","1"
"23336","1142","1"
"23337","1142","1"
"15626","233","1"
"20687","1013","1"
"20499","1154","1"
"19758","1271","1"
"15456","304","1"
"13968","303","1"
"13969","303","1"
"20515","514","1"
"23002","1654","1"
"21117","1646","1"
"15642","778","1"
"21340","1636","1"
"13838","364","1"
"22391","870","1"
"13198","289","1"
"16009","615","1"
"23132","1772","1"
"4367","280","1"
"4368","280","1"
"4369","280","1"
"16024","502","1"
"9237","566","1"
"9238","566","1"
"16010","615","1"
"15627","233","1"
"18997","1275","1"
"12551","416","1"
"12552","416","1"
"17647","1243","1"
"16277","333","1"
"19167","1479","1"
"20005","1226","1"
"20824","1240","1"
"14035","368","1"
"9239","566","1"
"12553","416","1"
"12708","583","1"
"20234","582","1"
"755","131","1"
"754","131","1"
"16047","759","1"
"12977","517","1"
"759","133","1"
"758","133","1"
"12978","517","1"
"13880","301","1"
"16112","587","1"
"16252","551","1"
"13309","340","1"
"9234","565","1"
"9235","565","1"
"19164","1478","1"
"19370","686","1"
"9236","565","1"
"23137","1631","1"
"22543","1287","1"
"17818","1282","1"
"13310","340","1"
"13311","340","1"
"15311","285","1"
"22147","1702","1"
"12974","338","1"
"12975","338","1"
"15622","462","1"
"20342","387","1"
"20848","341","1"
"15662","536","1"
"14405","436","1"
"17513","1214","1"
"10215","494","1"
"12370","744","1"
"22935","1312","1"
"22936","1312","1"
"14880","742","1"
"14881","742","1"
"15302","741","1"
"19749","1258","1"
"19747","1257","1"
"11957","740","1"
"23007","1653","1"
"11955","738","1"
"11954","737","1"
"12562","730","1"
"23332","789","1"
"23220","1622","1"
"22176","1623","1"
"22177","1623","1"
"12561","729","1"
"23333","789","1"
"21369","1130","1"
"15650","411","1"
"14226","546","1"
"14227","546","1"
"23004","1652","1"
"13257","605","1"
"20825","1240","1"
"23237","1567","1"
"21984","1503","1"
"23307","543","1"
"23308","543","1"
"23309","543","1"
"23310","543","1"
"20228","1551","1"
"10458","595","1"
"10459","595","1"
"13245","542","1"
"21822","1626","1"
"21823","1626","1"
"13569","402","1"
"13570","402","1"
"20833","533","1"
"15663","536","1"
"9012","535","1"
"13830","531","1"
"13831","531","1"
"12985","519","1"
"12986","519","1"
"12981","518","1"
"12982","518","1"
"12971","516","1"
"17514","1214","1"
"16011","615","1"
"14294","435","1"
"14847","918","1"
"12993","101","1"
"13218","581","1"
"13219","581","1"
"20714","1614","1"
"14480","726","1"
"14481","726","1"
"14478","725","1"
"14479","725","1"
"21087","1645","1"
"23128","1761","1"
"15658","412","1"
"20849","341","1"
"20850","341","1"
"13832","531","1"
"22556","600","1"
"17335","530","1"
"17336","530","1"
"15545","528","1"
"13246","542","1"
"10460","595","1"
"10461","595","1"
"16014","578","1"
"13242","541","1"
"13045","336","1"
"13046","336","1"
"13047","336","1"
"16256","335","1"
"14731","515","1"
"9013","535","1"
"9014","535","1"
"19751","1270","1"
"15613","607","1"
"15651","411","1"
"15652","411","1"
"15653","411","1"
"20826","1240","1"
"13599","828","1"
"15947","827","1"
"15948","827","1"
"13517","826","1"
"15623","462","1"
"19262","461","1"
"19263","461","1"
"14389","430","1"
"14390","430","1"
"14391","430","1"
"14392","430","1"
"20210","1149","1"
"20211","1149","1"
"13970","303","1"
"20139","589","1"
"20140","589","1"
"22284","1774","1"
"14288","421","1"
"15635","420","1"
"15636","420","1"
"15637","420","1"
"15638","420","1"
"13971","509","1"
"13972","509","1"
"13294","424","1"
"13295","424","1"
"15871","423","1"
"15872","423","1"
"13518","826","1"
"13515","825","1"
"13516","825","1"
"16397","824","1"
"20212","1149","1"
"16582","1129","1"
"20827","1240","1"
"23329","783","1"
"16398","824","1"
"13798","363","1"
"13799","363","1"
"17199","1109","1"
"15547","527","1"
"14071","526","1"
"14024","525","1"
"13372","524","1"
"13373","524","1"
"18995","1273","1"
"18996","1273","1"
"13243","541","1"
"12787","609","1"
"12788","609","1"
"22958","1300","1"
"17899","1298","1"
"16257","335","1"
"16258","335","1"
"23209","1074","1"
"23210","1074","1"
"23252","988","1"
"23253","988","1"
"14489","804","1"
"14486","803","1"
"22892","1194","1"
"21614","1450","1"
"13803","431","1"
"20122","1159","1"
"20123","1159","1"
"13443","550","1"
"19876","946","1"
"14954","419","1"
"14955","419","1"
"15630","418","1"
"15631","418","1"
"16792","1162","1"
"16793","1162","1"
"15514","300","1"
"15515","300","1"
"12610","378","1"
"14020","35","1"
"13199","289","1"
"13200","289","1"
"13201","289","1"
"17870","1292","1"
"21770","1584","1"
"20371","499","1"
"17418","1090","1"
"19569","1089","1"
"19770","334","1"
"15873","423","1"
"15874","423","1"
"14289","422","1"
"14290","422","1"
"14472","722","1"
"14473","722","1"
"16833","960","1"
"16834","960","1"
"12779","306","1"
"15876","103","1"
"15877","103","1"
"15878","103","1"
"17871","1292","1"
"17866","1291","1"
"22159","1458","1"
"22160","1458","1"
"18903","1457","1"
"20852","468","1"
"20853","468","1"
"20449","1586","1"
"12976","338","1"
"16744","1132","1"
"22550","1133","1"
"22130","1675","1"
"16266","562","1"
"16267","562","1"
"16034","561","1"
"16035","561","1"
"4370","280","1"
"12545","279","1"
"12546","279","1"
"12547","279","1"
"16732","1150","1"
"22649","685","1"
"16733","1150","1"
"21341","1636","1"
"16036","561","1"
"20155","1137","1"
"10241","560","1"
"10242","560","1"
"12548","279","1"
"14042","261","1"
"14043","261","1"
"14044","261","1"
"22131","1675","1"
"22081","1475","1"
"13823","664","1"
"15228","656","1"
"17345","1148","1"
"17346","1148","1"
"20496","643","1"
"22549","1676","1"
"21344","1253","1"
"22864","1504","1"
"12994","101","1"
"23254","988","1"
"13602","478","1"
"17367","1155","1"
"15643","778","1"
"16278","333","1"
"22551","1133","1"
"22577","1764","1"
"18444","1304","1"
"22285","1774","1"
"22242","1773","1"
"20615","1599","1"
"17704","1095","1"
"20855","74","1"
"13636","56","1"
"13637","56","1"
"13638","56","1"
"13639","56","1"
"16145","102","1"
"14144","122","1"
"13631","53","1"
"13632","53","1"
"13633","53","1"
"13634","53","1"
"22095","55","1"
"22096","55","1"
"22097","55","1"
"22098","55","1"
"13892","495","1"
"19482","1108","1"
"23233","14","1"
"23234","14","1"
"18948","1107","1"
"18949","1107","1"
"15016","594","1"
"15017","594","1"
"15014","593","1"
"13444","550","1"
"15632","418","1"
"15633","418","1"
"14282","417","1"
"14283","417","1"
"14284","417","1"
"10453","27","1"
"10454","27","1"
"10455","27","1"
"10456","27","1"
"14268","383","1"
"16253","551","1"
"21772","331","1"
"15624","233","1"
"15625","233","1"
"22157","1141","1"
"22158","1141","1"
"16254","551","1"
"13643","57","1"
"13644","57","1"
"13645","57","1"
"13646","57","1"
"14291","422","1"
"14292","422","1"
"13793","329","1"
"13794","329","1"
"21183","492","1"
"21184","492","1"
"23217","1582","1"
"13932","490","1"
"13930","489","1"
"22640","1650","1"
"13452","242","1"
"13161","20","1"
"13162","20","1"
"13163","20","1"
"16025","502","1"
"13173","21","1"
"13174","21","1"
"13175","21","1"
"16026","502","1"
"13176","22","1"
"13177","22","1"
"13178","22","1"
"16027","502","1"
"13186","23","1"
"13187","23","1"
"13188","23","1"
"16113","587","1"
"16583","1129","1"
"22971","1128","1"
"20442","610","1"
"20443","610","1"
"14157","684","1"
"14022","36","1"
"14023","36","1"
"21182","356","1"
"10146","39","1"
"10147","39","1"
"14025","41","1"
"14026","41","1"
"16292","45","1"
"16293","45","1"
"16294","45","1"
"14397","395","1"
"14398","395","1"
"14399","395","1"
"17368","1155","1"
"20500","1154","1"
"20501","1154","1"
"18998","1275","1"
"22033","1110","1"
"21481","1288","1"
"22544","1287","1"
"12419","592","1"
"20912","673","1"
"20913","673","1"
"20157","1138","1"
"17862","1290","1"
"17856","1289","1"
"22976","1628","1"
"17867","1291","1"
"17863","1290","1"
"20456","1106","1"
"17857","1289","1"
"21482","1288","1"
"22977","1628","1"
"17902","1299","1"
"17903","1299","1"
"13928","487","1"
"13389","646","1"
"13390","646","1"
"14106","596","1"
"14112","64","1"
"14113","64","1"
"14114","64","1"
"14115","64","1"
"14021","35","1"
"20497","643","1"
"20130","1522","1"
"20131","1522","1"
"23203","1627","1"
"21636","71","1"
"21637","71","1"
"18438","1277","1"
"20319","1524","1"
"20320","1524","1"
"19559","244","1"
"22034","1110","1"
"19557","73","1"
"20856","74","1"
"20857","74","1"
"20858","74","1"
"15644","781","1"
"18793","989","1"
"20012","1410","1"
"15659","536","1"
"18784","1439","1"
"18785","1439","1"
"22641","1650","1"
"18837","1447","1"
"18831","1446","1"
"13933","490","1"
"18897","1456","1"
"18891","1455","1"
"18921","1461","1"
"18916","1459","1"
"13929","487","1"
"21615","1450","1"
"18850","1449","1"
"19364","688","1"
"19365","688","1"
"21102","442","1"
"20563","1593","1"
"16796","1163","1"
"16797","1163","1"
"20544","1501","1"
"22959","1500","1"
"22960","1500","1"
"13550","823","1"
"13551","823","1"
"13548","822","1"
"14406","436","1"
"14407","436","1"
"14408","436","1"
"23249","1166","1"
"15617","445","1"
"15618","445","1"
"13603","478","1"
"13605","477","1"
"16012","615","1"
"15678","88","1"
"15679","88","1"
"19483","1108","1"
"23151","1172","1"
"22889","1733","1"
"16015","578","1"
"16016","578","1"
"16017","578","1"
"12883","93","1"
"12884","93","1"
"12885","93","1"
"23005","1652","1"
"14011","513","1"
"14012","513","1"
"20659","588","1"
"13727","586","1"
"13728","586","1"
"20387","1307","1"
"20388","1307","1"
"22583","1820","1"
"16802","1164","1"
"16803","1164","1"
"23330","783","1"
"13378","647","1"
"18446","1303","1"
"17918","1302","1"
"15103","98","1"
"15104","98","1"
"15105","98","1"
"14295","435","1"
"16269","106","1"
"16270","106","1"
"16271","106","1"
"14296","435","1"
"20185","1250","1"
"20186","1250","1"
"17671","1249","1"
"13383","645","1"
"13391","646","1"
"18838","1447","1"
"10148","39","1"
"14076","198","1"
"14077","198","1"
"16438","199","1"
"13453","242","1"
"20432","317","1"
"20433","317","1"
"15210","316","1"
"15211","316","1"
"14088","197","1"
"17550","1222","1"
"17543","1221","1"
"17544","1221","1"
"8073","406","1"
"13454","242","1"
"20763","1215","1"
"23311","1125","1"
"14107","596","1"
"14100","63","1"
"14101","63","1"
"14089","197","1"
"14090","197","1"
"14303","433","1"
"22896","1770","1"
"22974","559","1"
"12801","108","1"
"12802","108","1"
"12803","108","1"
"19480","1092","1"
"17360","1091","1"
"16261","397","1"
"10311","396","1"
"13428","117","1"
"13429","117","1"
"13423","116","1"
"13424","116","1"
"13425","116","1"
"16262","397","1"
"16263","397","1"
"23138","1631","1"
"10312","396","1"
"23193","1576","1"
"20189","115","1"
"21811","1313","1"
"13417","114","1"
"13418","114","1"
"18478","1121","1"
"13415","113","1"
"13416","113","1"
"20171","1120","1"
"22161","112","1"
"22162","112","1"
"18468","473","1"
"8109","111","1"
"8110","111","1"
"22407","110","1"
"22408","110","1"
"14487","803","1"
"14488","803","1"
"12926","802","1"
"12927","802","1"
"12916","801","1"
"12917","801","1"
"20430","800","1"
"20431","800","1"
"20422","799","1"
"20423","799","1"
"23073","1760","1"
"23074","1760","1"
"20424","797","1"
"20425","797","1"
"17882","1295","1"
"17878","1294","1"
"13546","795","1"
"13547","795","1"
"13543","794","1"
"13544","794","1"
"12814","793","1"
"12815","793","1"
"20237","791","1"
"20238","791","1"
"20213","1149","1"
"20239","791","1"
"23334","789","1"
"23335","789","1"
"19455","788","1"
"19456","788","1"
"22058","282","1"
"19823","787","1"
"20818","786","1"
"20819","786","1"
"19453","785","1"
"19454","785","1"
"13778","181","1"
"19759","1271","1"
"23312","1125","1"
"22113","311","1"
"4451","236","1"
"4452","236","1"
"4453","236","1"
"16439","199","1"
"16440","199","1"
"16441","199","1"
"14086","238","1"
"14072","200","1"
"14073","200","1"
"20458","1104","1"
"20459","1104","1"
"21233","1077","1"
"16442","235","1"
"9037","126","1"
"9038","126","1"
"9039","126","1"
"9040","126","1"
"22650","685","1"
"17705","1095","1"
"19366","343","1"
"19367","343","1"
"17983","1314","1"
"19931","687","1"
"19371","686","1"
"14160","689","1"
"19932","687","1"
"13816","347","1"
"13817","347","1"
"13818","347","1"
"14158","684","1"
"20180","1210","1"
"20181","1210","1"
"17515","1209","1"
"17516","1209","1"
"20760","1212","1"
"20761","1212","1"
"20268","1211","1"
"20269","1211","1"
"20457","1106","1"
"19337","1105","1"
"12995","101","1"
"12996","101","1"
"14145","122","1"
"14146","122","1"
"14147","122","1"
"20700","1611","1"
"21769","1610","1"
"21137","1609","1"
"16264","397","1"
"20235","582","1"
"20236","582","1"
"21347","1608","1"
"22170","1605","1"
"22171","1605","1"
"21889","1229","1"
"19258","1220","1"
"19259","1220","1"
"17569","1227","1"
"17570","1227","1"
"20006","1226","1"
"13352","203","1"
"13353","203","1"
"13354","203","1"
"13029","128","1"
"13030","128","1"
"13031","128","1"
"13024","127","1"
"13025","127","1"
"13026","127","1"
"14036","368","1"
"23317","1099","1"
"15698","351","1"
"10149","39","1"
"14055","31","1"
"20834","533","1"
"22872","1207","1"
"12960","257","1"
"13973","509","1"
"21354","508","1"
"21355","508","1"
"13842","47","1"
"13843","47","1"
"13844","47","1"
"13848","50","1"
"13849","50","1"
"13850","50","1"
"13851","51","1"
"13852","51","1"
"13853","51","1"
"13866","49","1"
"13867","49","1"
"13868","49","1"
"13869","49","1"
"13859","204","1"
"13860","204","1"
"13861","204","1"
"13862","204","1"
"13379","647","1"
"23266","1041","1"
"22133","1675","1"
"17209","94","1"
"17210","94","1"
"17211","94","1"
"13277","95","1"
"13278","95","1"
"13279","95","1"
"22082","1475","1"
"17889","1296","1"
"9577","659","1"
"14175","658","1"
"11785","496","1"
"11786","496","1"
"13893","495","1"
"13894","495","1"
"17719","1256","1"
"13594","481","1"
"13168","205","1"
"13169","205","1"
"13170","205","1"
"13171","205","1"
"13172","205","1"
"13595","481","1"
"12824","629","1"
"16746","1152","1"
"16747","1152","1"
"13769","438","1"
"17224","206","1"
"17225","206","1"
"17226","206","1"
"17227","206","1"
"17228","206","1"
"13267","207","1"
"13268","207","1"
"13269","207","1"
"13270","207","1"
"13271","207","1"
"22584","1820","1"
"13655","208","1"
"13656","208","1"
"13657","208","1"
"13658","208","1"
"13770","438","1"
"22025","614","1"
"13767","323","1"
"13768","323","1"
"12336","479","1"
"13355","203","1"
"12807","209","1"
"12808","209","1"
"12809","209","1"
"12810","209","1"
"13729","586","1"
"20323","1580","1"
"13795","329","1"
"14387","805","1"
"14490","804","1"
"14491","804","1"
"13258","605","1"
"20324","1580","1"
"14091","197","1"
"12950","211","1"
"12951","211","1"
"12952","211","1"
"13510","212","1"
"13511","212","1"
"13512","212","1"
"13711","210","1"
"13712","210","1"
"13713","210","1"
"23215","1430","1"
"20650","1598","1"
"21066","1643","1"
"23204","1627","1"
"22154","1012","1"
"22151","276","1"
"22152","276","1"
"20690","275","1"
"23101","1285","1"
"18469","473","1"
"20393","1284","1"
"22541","1286","1"
"19549","780","1"
"19550","780","1"
"13033","779","1"
"15536","782","1"
"15647","781","1"
"15648","781","1"
"13037","230","1"
"13038","230","1"
"13039","230","1"
"12337","479","1"
"8074","406","1"
"15974","234","1"
"15975","234","1"
"15976","234","1"
"21890","1229","1"
"17573","1228","1"
"17574","1228","1"
"21138","1609","1"
"22172","1606","1"
"22173","1606","1"
"22289","1775","1"
"22283","1774","1"
"17508","1216","1"
"15977","234","1"
"20394","1284","1"
"17821","1283","1"
"18479","1121","1"
"14087","238","1"
"20266","1213","1"
"15628","233","1"
"13042","232","1"
"13043","232","1"
"13044","232","1"
"20267","1213","1"
"13779","181","1"
"13715","195","1"
"13716","195","1"
"13717","195","1"
"13718","195","1"
"22542","1286","1"
"23102","1285","1"
"20321","409","1"
"20322","409","1"
"17213","264","1"
"21212","1451","1"
"21616","1450","1"
"15610","607","1"
"15611","607","1"
"15471","262","1"
"15472","262","1"
"14045","261","1"
"14046","261","1"
"14041","260","1"
"13607","475","1"
"20510","670","1"
"20511","670","1"
"20507","669","1"
"13608","474","1"
"13609","474","1"
"20261","973","1"
"23331","783","1"
"15537","782","1"
"12804","247","1"
"12805","247","1"
"22216","1771","1"
"13931","489","1"
"19537","734","1"
"19538","734","1"
"23218","1582","1"
"18925","1462","1"
"18922","1461","1"
"19560","244","1"
"20007","1226","1"
"19555","251","1"
"13448","252","1"
"13449","252","1"
"12888","253","1"
"12889","253","1"
"12890","253","1"
"13384","645","1"
"13376","638","1"
"18755","630","1"
"18756","630","1"
"18757","630","1"
"15039","628","1"
"15040","628","1"
"15041","628","1"
"22564","1131","1"
"22565","1131","1"
"16745","1132","1"
"18761","626","1"
"18762","626","1"
"18763","626","1"
"14093","523","1"
"14085","522","1"
"14400","395","1"
"19338","1105","1"
"16114","587","1"
"14401","394","1"
"14402","394","1"
"14279","393","1"
"14280","393","1"
"20516","514","1"
"20517","514","1"
"14275","391","1"
"14276","391","1"
"20229","1551","1"
"20835","533","1"
"14273","389","1"
"14274","389","1"
"10216","494","1"
"20691","275","1"
"12357","702","1"
"16037","561","1"
"20389","1308","1"
"20509","670","1"
"20453","1111","1"
"13203","298","1"
"13204","298","1"
"20494","643","1"
"21773","331","1"
"12420","592","1"
"13468","272","1"
"13469","272","1"
"18477","1118","1"
"18474","1117","1"
"18475","1117","1"
"20173","1116","1"
"17822","1283","1"
"17817","1282","1"
"22659","932","1"
"14008","728","1"
"18964","727","1"
"19473","1126","1"
"13194","268","1"
"13549","822","1"
"12723","821","1"
"12724","821","1"
"19848","820","1"
"19849","820","1"
"12997","819","1"
"12998","819","1"
"23065","1591","1"
"23066","1591","1"
"19837","1278","1"
"14956","818","1"
"14957","818","1"
"20815","816","1"
"20816","816","1"
"21115","1647","1"
"21116","1647","1"
"14882","813","1"
"14883","813","1"
"15162","812","1"
"15163","812","1"
"14876","811","1"
"14877","811","1"
"22880","1260","1"
"18698","1429","1"
"15912","520","1"
"15846","842","1"
"14075","954","1"
"12608","376","1"
"14848","918","1"
"14352","807","1"
"19812","806","1"
"19813","806","1"
"14388","805","1"
"18823","1444","1"
"18824","1444","1"
"18821","1443","1"
"15312","285","1"
"15313","285","1"
"15314","285","1"
"21223","1453","1"
"21224","1453","1"
"20018","1452","1"
"14887","833","1"
"14884","834","1"
"14885","834","1"
"15277","835","1"
"15278","835","1"
"15273","836","1"
"15274","836","1"
"15283","837","1"
"15284","837","1"
"15275","838","1"
"15276","838","1"
"15279","839","1"
"15280","839","1"
"15281","840","1"
"15282","840","1"
"14381","841","1"
"14382","841","1"
"15847","842","1"
"15848","842","1"
"19764","843","1"
"19765","843","1"
"19766","844","1"
"19767","844","1"
"19768","845","1"
"19769","845","1"
"17431","846","1"
"17432","846","1"
"17425","847","1"
"17426","847","1"
"17427","848","1"
"17428","848","1"
"17429","849","1"
"17430","849","1"
"12138","850","1"
"12139","850","1"
"20348","851","1"
"20349","851","1"
"14854","852","1"
"14855","852","1"
"19815","853","1"
"19816","853","1"
"20372","499","1"
"20206","985","1"
"16116","854","1"
"16117","854","1"
"16118","854","1"
"17883","1295","1"
"20830","327","1"
"14664","755","1"
"21638","71","1"
"21985","1503","1"
"22409","1502","1"
"22410","1502","1"
"14304","857","1"
"14305","857","1"
"23034","858","1"
"23035","858","1"
"14306","859","1"
"14307","859","1"
"20147","860","1"
"20148","860","1"
"20149","860","1"
"20150","860","1"
"14312","862","1"
"14313","862","1"
"14928","863","1"
"14929","863","1"
"14318","864","1"
"14319","864","1"
"23096","865","1"
"23097","865","1"
"23197","1893","1"
"23198","1893","1"
"14878","867","1"
"14879","867","1"
"23158","1619","1"
"23159","1619","1"
"20083","869","1"
"20084","869","1"
"22392","870","1"
"22393","870","1"
"16432","871","1"
"16433","871","1"
"22866","893","1"
"20196","1578","1"
"20860","873","1"
"20861","873","1"
"13066","874","1"
"13067","874","1"
"13068","875","1"
"13069","875","1"
"13070","876","1"
"13071","876","1"
"13072","877","1"
"13073","877","1"
"13076","878","1"
"13077","878","1"
"22264","1428","1"
"22265","1428","1"
"22266","1428","1"
"22267","1428","1"
"22651","881","1"
"22652","881","1"
"13084","882","1"
"13085","882","1"
"13086","883","1"
"13087","883","1"
"13088","884","1"
"13089","884","1"
"22875","1629","1"
"22876","1629","1"
"20870","886","1"
"20871","886","1"
"16869","887","1"
"16870","887","1"
"13096","888","1"
"13097","888","1"
"13098","889","1"
"13099","889","1"
"13056","890","1"
"13057","890","1"
"19474","1126","1"
"22411","1405","1"
"18520","1406","1"
"18521","1406","1"
"22867","893","1"
"22868","893","1"
"20964","1527","1"
"21771","1584","1"
"19599","1528","1"
"19600","1528","1"
"21118","1646","1"
"21088","1645","1"
"19511","897","1"
"19512","897","1"
"13060","898","1"
"13061","898","1"
"13062","899","1"
"13063","899","1"
"13064","900","1"
"13065","900","1"
"17710","901","1"
"17711","901","1"
"17506","1208","1"
"15491","908","1"
"15492","908","1"
"22268","1005","1"
"20050","1203","1"
"23287","1081","1"
"22269","1005","1"
"21886","1230","1"
"21887","1230","1"
"16275","381","1"
"16279","333","1"
"14353","807","1"
"13545","794","1"
"23095","1767","1"
"20715","1614","1"
"22246","1616","1"
"22247","1616","1"
"21640","1705","1"
"22248","1616","1"
"20914","672","1"
"21345","1253","1"
"21851","1588","1"
"21852","1588","1"
"20740","1618","1"
"22643","1739","1"
"22624","919","1"
"22625","919","1"
"20112","920","1"
"20113","920","1"
"22632","1464","1"
"20514","514","1"
"21107","1648","1"
"21108","1648","1"
"19360","1170","1"
"20851","341","1"
"14600","921","1"
"14601","921","1"
"19929","692","1"
"20862","873","1"
"21342","1674","1"
"21343","1674","1"
"20392","1251","1"
"22881","1260","1"
"23219","1582","1"
"12500","934","1"
"12501","934","1"
"14943","671","1"
"14944","671","1"
"19933","687","1"
"19944","715","1"
"19945","715","1"
"19940","698","1"
"23165","974","1"
"14945","671","1"
"23166","974","1"
"19760","1263","1"
"19761","1263","1"
"20836","927","1"
"20837","927","1"
"20838","927","1"
"20195","1577","1"
"19754","1266","1"
"19755","1266","1"
"18522","1407","1"
"18523","1407","1"
"22869","893","1"
"20840","930","1"
"20841","930","1"
"20842","930","1"
"19881","931","1"
"19882","931","1"
"22660","932","1"
"22661","932","1"
"17800","933","1"
"17801","933","1"
"15849","842","1"
"19361","1170","1"
"16871","887","1"
"22412","1405","1"
"19934","687","1"
"17249","1114","1"
"18879","935","1"
"18880","935","1"
"18410","936","1"
"18411","936","1"
"18652","1112","1"
"12557","938","1"
"21891","1229","1"
"22028","941","1"
"22029","941","1"
"20454","1111","1"
"20455","1111","1"
"20946","1477","1"
"20947","1477","1"
"21892","1232","1"
"21893","1232","1"
"21888","1230","1"
"17591","1231","1"
"22123","948","1"
"17274","957","1"
"17879","1294","1"
"17592","1231","1"
"17593","1231","1"
"14078","955","1"
"14079","955","1"
"20854","468","1"
"19556","251","1"
"14124","959","1"
"17275","957","1"
"21759","1607","1"
"16399","824","1"
"20085","869","1"
"15949","827","1"
"20518","514","1"
"20080","650","1"
"21941","1017","1"
"21942","1017","1"
"20451","1248","1"
"21067","1643","1"
"22026","614","1"
"22027","614","1"
"14602","921","1"
"14598","921","1"
"23291","964","1"
"23292","964","1"
"23293","964","1"
"23259","961","1"
"23260","961","1"
"15589","983","1"
"16038","561","1"
"23152","1172","1"
"23153","1172","1"
"16835","960","1"
"14661","755","1"
"16061","968","1"
"16062","968","1"
"16057","969","1"
"16058","969","1"
"16059","970","1"
"16060","970","1"
"14695","971","1"
"14696","971","1"
"14697","971","1"
"20707","1612","1"
"20701","1611","1"
"23294","964","1"
"20262","973","1"
"20263","973","1"
"20264","973","1"
"20265","973","1"
"18703","975","1"
"18704","975","1"
"18705","975","1"
"18706","1281","1"
"18707","1281","1"
"18708","1281","1"
"18709","1280","1"
"18710","1280","1"
"18711","1280","1"
"19165","1478","1"
"23269","978","1"
"23270","978","1"
"23271","978","1"
"16119","854","1"
"20198","979","1"
"20199","979","1"
"20200","979","1"
"16018","578","1"
"19808","980","1"
"19809","980","1"
"19810","980","1"
"20351","981","1"
"20352","981","1"
"20353","981","1"
"19946","982","1"
"19947","982","1"
"19948","982","1"
"22030","941","1"
"20240","791","1"
"15015","593","1"
"15590","983","1"
"15587","984","1"
"15588","984","1"
"20207","985","1"
"20208","985","1"
"15591","986","1"
"15592","986","1"
"20217","987","1"
"20218","987","1"
"22031","941","1"
"20512","670","1"
"19166","1478","1"
"18445","1304","1"
"18447","1303","1"
"17919","1302","1"
"17915","1301","1"
"22578","1764","1"
"15101","98","1"
"22099","55","1"
"17373","990","1"
"18794","989","1"
"18795","989","1"
"17374","990","1"
"23026","991","1"
"23027","991","1"
"17369","992","1"
"17370","992","1"
"17401","993","1"
"17402","993","1"
"20088","1202","1"
"20089","1202","1"
"20051","1203","1"
"20090","1202","1"
"17316","996","1"
"17317","996","1"
"17407","997","1"
"17408","997","1"
"17415","998","1"
"17416","998","1"
"21812","999","1"
"21813","999","1"
"17684","1000","1"
"17685","1000","1"
"17409","1001","1"
"17410","1001","1"
"17411","1002","1"
"17412","1002","1"
"15240","1003","1"
"15241","1003","1"
"23288","1081","1"
"21284","1463","1"
"22270","1005","1"
"22271","1005","1"
"17297","1006","1"
"17298","1006","1"
"19475","1007","1"
"19476","1007","1"
"18822","1443","1"
"18866","1442","1"
"20965","1527","1"
"22662","1061","1"
"18832","1446","1"
"22865","1504","1"
"15654","412","1"
"18892","1455","1"
"18886","1454","1"
"18904","1457","1"
"18898","1456","1"
"20564","1593","1"
"20541","1590","1"
"20542","1590","1"
"20628","1603","1"
"23303","1174","1"
"19481","1022","1"
"23250","1166","1"
"22185","1683","1"
"22182","1682","1"
"20629","1603","1"
"20651","1598","1"
"22250","1597","1"
"22251","1597","1"
"16807","1165","1"
"18409","465","1"
"15757","464","1"
"21139","1601","1"
"21141","1600","1"
"21142","1600","1"
"20624","1602","1"
"20625","1602","1"
"21140","1601","1"
"18657","1030","1"
"18658","1030","1"
"17140","1031","1"
"17141","1031","1"
"17142","1032","1"
"17143","1032","1"
"17152","1033","1"
"17153","1033","1"
"21816","1034","1"
"21817","1034","1"
"21814","1035","1"
"21815","1035","1"
"17150","1036","1"
"17151","1036","1"
"17146","1037","1"
"17147","1037","1"
"17136","1038","1"
"17137","1038","1"
"21990","1756","1"
"21991","1756","1"
"21980","1040","1"
"21981","1040","1"
"23267","1041","1"
"23268","1041","1"
"17341","1147","1"
"22217","1771","1"
"22897","1770","1"
"17342","1147","1"
"15870","423","1"
"15875","103","1"
"15880","1045","1"
"15879","1045","1"
"15883","1046","1"
"15884","1046","1"
"17365","1153","1"
"17366","1153","1"
"23261","961","1"
"23262","961","1"
"16280","333","1"
"20820","1048","1"
"20821","1048","1"
"20822","1048","1"
"15909","520","1"
"20230","1551","1"
"16259","335","1"
"16268","562","1"
"16276","381","1"
"16028","502","1"
"16013","615","1"
"16048","759","1"
"19879","1049","1"
"19880","1049","1"
"16810","1050","1"
"16811","1050","1"
"22573","1677","1"
"23039","1054","1"
"23040","1054","1"
"17393","1055","1"
"17394","1055","1"
"19519","1056","1"
"19520","1056","1"
"17387","1057","1"
"17388","1057","1"
"22212","1157","1"
"22213","1157","1"
"17391","1059","1"
"17392","1059","1"
"16115","854","1"
"22035","1110","1"
"22036","1110","1"
"17200","1109","1"
"19564","1201","1"
"19565","1201","1"
"22663","1061","1"
"22664","1061","1"
"22079","1474","1"
"19763","1473","1"
"22080","1474","1"
"23304","1174","1"
"23305","1174","1"
"23154","1172","1"
"20657","1513","1"
"20256","1579","1"
"20246","1083","1"
"23284","1067","1"
"23285","1067","1"
"17956","1309","1"
"20390","1308","1"
"17967","1311","1"
"17962","1310","1"
"17963","1310","1"
"17957","1309","1"
"23342","1655","1"
"23003","1654","1"
"21063","1644","1"
"21068","1643","1"
"21064","1644","1"
"21065","1644","1"
"23211","1074","1"
"23212","1074","1"
"20502","1154","1"
"20503","1154","1"
"23279","1661","1"
"22124","948","1"
"21234","1077","1"
"21235","1077","1"
"20257","1579","1"
"20258","1579","1"
"20259","1579","1"
"20260","1579","1"
"23286","1067","1"
"22259","904","1"
"23289","1081","1"
"23290","1081","1"
"23221","1622","1"
"23222","1622","1"
"20247","1083","1"
"20248","1083","1"
"20249","1083","1"
"20250","1083","1"
"16250","551","1"
"16260","397","1"
"16281","337","1"
"18728","1431","1"
"18729","1431","1"
"16304","1085","1"
"16303","1085","1"
"16306","1086","1"
"16305","1086","1"
"23280","1661","1"
"23281","1661","1"
"18746","1160","1"
"18747","1160","1"
"21081","1161","1"
"21082","1161","1"
"19558","73","1"
"23326","1765","1"
"23327","1765","1"
"23313","1125","1"
"20118","1178","1"
"20119","1178","1"
"21756","1179","1"
"21757","1179","1"
"20162","1180","1"
"20163","1180","1"
"20166","1181","1"
"20167","1181","1"
"19533","1182","1"
"19534","1182","1"
"19529","1183","1"
"19530","1183","1"
"19243","1184","1"
"19244","1184","1"
"22638","1649","1"
"22639","1649","1"
"19541","1187","1"
"19542","1187","1"
"19543","1188","1"
"19544","1188","1"
"19547","1189","1"
"19548","1189","1"
"19545","1190","1"
"19546","1190","1"
"19006","1191","1"
"19007","1191","1"
"20498","643","1"
"20508","669","1"
"20513","670","1"
"17087","1192","1"
"17088","1192","1"
"22208","1193","1"
"22209","1193","1"
"22893","1194","1"
"22894","1194","1"
"22210","1195","1"
"22211","1195","1"
"20741","1618","1"
"20523","1197","1"
"20524","1197","1"
"20525","1197","1"
"20526","1197","1"
"21075","1198","1"
"21076","1198","1"
"20920","1199","1"
"20921","1199","1"
"20922","1200","1"
"20923","1200","1"
"17988","1315","1"
"17989","1315","1"
"17994","1316","1"
"17995","1316","1"
"18401","1317","1"
"18402","1317","1"
"18006","1318","1"
"18007","1318","1"
"18010","1319","1"
"18011","1319","1"
"18026","1321","1"
"18027","1321","1"
"18020","1320","1"
"18021","1320","1"
"19399","1322","1"
"19400","1322","1"
"19251","1323","1"
"19252","1323","1"
"19405","1324","1"
"19406","1324","1"
"19411","1325","1"
"19412","1325","1"
"19417","1326","1"
"19418","1326","1"
"19030","1327","1"
"19031","1327","1"
"19425","1328","1"
"19426","1328","1"
"19397","1329","1"
"19398","1329","1"
"19403","1330","1"
"19404","1330","1"
"19409","1331","1"
"19410","1331","1"
"19028","1332","1"
"19029","1332","1"
"19415","1333","1"
"19416","1333","1"
"19249","1334","1"
"19250","1334","1"
"19423","1335","1"
"19424","1335","1"
"19401","1336","1"
"19402","1336","1"
"19407","1337","1"
"19408","1337","1"
"19413","1338","1"
"19414","1338","1"
"19032","1339","1"
"19033","1339","1"
"19419","1340","1"
"19420","1340","1"
"19477","1341","1"
"19478","1341","1"
"19427","1342","1"
"19428","1342","1"
"19421","1343","1"
"19422","1343","1"
"18143","1344","1"
"18144","1344","1"
"18149","1345","1"
"18150","1345","1"
"21069","1346","1"
"21070","1346","1"
"21071","1349","1"
"21072","1349","1"
"18147","1348","1"
"18148","1348","1"
"18156","1350","1"
"18155","1350","1"
"18158","1351","1"
"18157","1351","1"
"21487","1352","1"
"21488","1352","1"
"18162","1353","1"
"18161","1353","1"
"18164","1354","1"
"18163","1354","1"
"18166","1355","1"
"18165","1355","1"
"18171","1356","1"
"18172","1356","1"
"18514","1357","1"
"18515","1357","1"
"21491","1358","1"
"21492","1358","1"
"18667","1359","1"
"18668","1359","1"
"18195","1360","1"
"18196","1360","1"
"18201","1361","1"
"18202","1361","1"
"19495","1364","1"
"18219","1363","1"
"18220","1363","1"
"19503","1362","1"
"19504","1362","1"
"19496","1364","1"
"18247","1367","1"
"18243","1366","1"
"18244","1366","1"
"18237","1365","1"
"18238","1365","1"
"18248","1367","1"
"18251","1368","1"
"18252","1368","1"
"21489","1369","1"
"21490","1369","1"
"18265","1372","1"
"18266","1372","1"
"18261","1371","1"
"18262","1371","1"
"18269","1373","1"
"18270","1373","1"
"18669","1374","1"
"18670","1374","1"
"21493","1375","1"
"21494","1375","1"
"18516","1376","1"
"18517","1376","1"
"18285","1377","1"
"18286","1377","1"
"18289","1378","1"
"18290","1378","1"
"18518","1379","1"
"18519","1379","1"
"18297","1380","1"
"18298","1380","1"
"19501","1381","1"
"19502","1381","1"
"18305","1382","1"
"18306","1382","1"
"22966","1383","1"
"22967","1383","1"
"18313","1384","1"
"18314","1384","1"
"18317","1385","1"
"18318","1385","1"
"18321","1386","1"
"18322","1386","1"
"21587","1387","1"
"21588","1387","1"
"18689","1388","1"
"18690","1388","1"
"22195","1389","1"
"22196","1389","1"
"19204","1390","1"
"19205","1390","1"
"19208","1391","1"
"19209","1391","1"
"19206","1392","1"
"19207","1392","1"
"19036","1393","1"
"19037","1393","1"
"22963","1394","1"
"22964","1394","1"
"19210","1395","1"
"19211","1395","1"
"19202","1396","1"
"19203","1396","1"
"19034","1397","1"
"19035","1397","1"
"18433","1398","1"
"18434","1398","1"
"22951","1879","1"
"22952","1879","1"
"18691","1400","1"
"18692","1400","1"
"21231","357","1"
"21232","357","1"
"20694","1402","1"
"18714","1401","1"
"18715","1401","1"
"20695","1402","1"
"22168","1403","1"
"22169","1403","1"
"22965","1394","1"
"18525","1408","1"
"18524","1408","1"
"21310","1409","1"
"21311","1409","1"
"20013","1410","1"
"20014","1410","1"
"19484","1108","1"
"23282","1661","1"
"23175","1411","1"
"23176","1411","1"
"21585","1412","1"
"21586","1412","1"
"19216","1413","1"
"19217","1413","1"
"19024","1414","1"
"19025","1414","1"
"19212","1415","1"
"19213","1415","1"
"18999","1416","1"
"19000","1416","1"
"22953","1417","1"
"22954","1417","1"
"18588","1418","1"
"18587","1418","1"
"20044","1419","1"
"20045","1419","1"
"22996","1420","1"
"22997","1420","1"
"22998","1421","1"
"22999","1421","1"
"20992","1422","1"
"20993","1422","1"
"23000","1423","1"
"23001","1423","1"
"20107","1424","1"
"20108","1424","1"
"20105","1425","1"
"20106","1425","1"
"23189","1426","1"
"23190","1426","1"
"22397","1427","1"
"22398","1427","1"
"21236","1077","1"
"22653","881","1"
"22654","881","1"
"23235","14","1"
"23236","14","1"
"22882","1260","1"
"22883","1260","1"
"23216","1430","1"
"20802","1433","1"
"20803","1433","1"
"20804","1433","1"
"20990","1434","1"
"20991","1434","1"
"18766","1435","1"
"18767","1435","1"
"18770","1436","1"
"18771","1436","1"
"22065","1437","1"
"22066","1437","1"
"22063","1438","1"
"22064","1438","1"
"18926","1462","1"
"22633","1464","1"
"22634","1464","1"
"23318","1099","1"
"20010","1465","1"
"20011","1465","1"
"19197","1469","1"
"19198","1469","1"
"20530","1470","1"
"20531","1470","1"
"20488","1471","1"
"20489","1471","1"
"20099","1472","1"
"20100","1472","1"
"22032","1110","1"
"19168","1480","1"
"19169","1480","1"
"19170","1481","1"
"19171","1481","1"
"19195","1482","1"
"19196","1482","1"
"19264","1483","1"
"19265","1483","1"
"19090","1484","1"
"19091","1484","1"
"19092","1484","1"
"19175","1485","1"
"19176","1485","1"
"19102","1486","1"
"19103","1486","1"
"19104","1486","1"
"19107","1487","1"
"19106","1487","1"
"19105","1487","1"
"19172","1488","1"
"19173","1488","1"
"19174","1488","1"
"21627","1499","1"
"21628","1499","1"
"19177","1490","1"
"19178","1490","1"
"22166","1491","1"
"22167","1491","1"
"21884","1492","1"
"21885","1492","1"
"19551","1493","1"
"19552","1493","1"
"19553","1494","1"
"19554","1494","1"
"23306","1174","1"
"21629","1499","1"
"19792","1507","1"
"19793","1507","1"
"19824","787","1"
"22932","1399","1"
"19788","1508","1"
"19789","1508","1"
"20436","1509","1"
"20437","1509","1"
"22174","1635","1"
"22175","1635","1"
"19316","1511","1"
"19317","1511","1"
"22969","1514","1"
"19433","1515","1"
"19434","1515","1"
"19439","1516","1"
"19440","1516","1"
"22234","1517","1"
"22235","1517","1"
"22236","1517","1"
"22237","1517","1"
"23148","1520","1"
"23149","1520","1"
"23150","1520","1"
"19603","1529","1"
"19604","1529","1"
"19607","1530","1"
"19608","1530","1"
"20126","1531","1"
"20127","1531","1"
"20128","1532","1"
"20129","1532","1"
"19623","1533","1"
"19624","1533","1"
"19627","1534","1"
"19628","1534","1"
"20843","1535","1"
"20844","1535","1"
"20845","1535","1"
"20846","1535","1"
"20847","1535","1"
"22644","1739","1"
"22852","1536","1"
"22853","1536","1"
"22854","1536","1"
"23238","1567","1"
"23316","1237","1"
"23194","1576","1"
"20184","1250","1"
"23295","1538","1"
"23296","1538","1"
"23297","1538","1"
"23298","1538","1"
"21760","1575","1"
"23030","1574","1"
"20966","1549","1"
"20967","1549","1"
"23139","1540","1"
"23140","1540","1"
"23141","1540","1"
"23244","1541","1"
"23245","1541","1"
"23246","1541","1"
"23247","1541","1"
"23263","1542","1"
"23264","1542","1"
"23265","1542","1"
"23241","1543","1"
"23242","1543","1"
"23243","1543","1"
"23272","1544","1"
"23273","1544","1"
"23274","1544","1"
"22372","1545","1"
"22373","1545","1"
"21657","1710","1"
"21655","1709","1"
"23255","1548","1"
"23256","1548","1"
"23257","1548","1"
"19935","687","1"
"19949","982","1"
"19950","982","1"
"19930","692","1"
"23031","1574","1"
"23223","1622","1"
"20004","1226","1"
"23258","1548","1"
"20972","1637","1"
"22021","1556","1"
"22022","1556","1"
"22023","1556","1"
"20160","1557","1"
"20161","1557","1"
"22118","1558","1"
"22119","1558","1"
"19911","1559","1"
"19912","1559","1"
"19913","1559","1"
"19917","1560","1"
"19918","1560","1"
"19919","1560","1"
"23319","1099","1"
"23160","1619","1"
"20973","1637","1"
"22024","1556","1"
"23239","1567","1"
"23240","1567","1"
"21754","1656","1"
"23343","1655","1"
"21205","1658","1"
"21755","1656","1"
"21207","1659","1"
"21206","1658","1"
"21936","1570","1"
"23275","1571","1"
"23276","1571","1"
"23277","1571","1"
"23278","1571","1"
"22367","1572","1"
"22368","1572","1"
"21761","1575","1"
"20077","650","1"
"20076","650","1"
"20082","869","1"
"20081","869","1"
"20087","1202","1"
"20086","1202","1"
"20110","920","1"
"20109","920","1"
"20137","589","1"
"20136","589","1"
"22626","919","1"
"22627","919","1"
"20146","860","1"
"20197","979","1"
"20205","985","1"
"20204","985","1"
"20209","1149","1"
"20216","987","1"
"20215","987","1"
"20214","987","1"
"20241","791","1"
"20231","1551","1"
"20232","582","1"
"22290","1775","1"
"22291","1775","1"
"20346","851","1"
"20350","981","1"
"20354","963","1"
"20863","873","1"
"20859","74","1"
"20839","927","1"
"23041","1585","1"
"23042","1585","1"
"21020","1639","1"
"21021","1639","1"
"21018","1640","1"
"21019","1640","1"
"21748","1673","1"
"22635","1464","1"
"21208","1659","1"
"22955","1660","1"
"22956","1660","1"
"21749","1673","1"
"21386","1678","1"
"21385","1678","1"
"21389","1679","1"
"21390","1679","1"
"21393","1680","1"
"21394","1680","1"
"21397","1681","1"
"21398","1681","1"
"22183","1682","1"
"22184","1682","1"
"22186","1683","1"
"22187","1683","1"
"21406","1684","1"
"21405","1684","1"
"21408","1685","1"
"21407","1685","1"
"21411","1686","1"
"21412","1686","1"
"21467","1687","1"
"21468","1687","1"
"22193","1688","1"
"22194","1688","1"
"21477","1691","1"
"21478","1691","1"
"22402","1692","1"
"22403","1692","1"
"22384","1672","1"
"22385","1672","1"
"22188","1693","1"
"22189","1693","1"
"23043","1694","1"
"23044","1694","1"
"21513","1695","1"
"21514","1695","1"
"23299","1697","1"
"23300","1697","1"
"23301","1697","1"
"21539","1698","1"
"21538","1698","1"
"21537","1698","1"
"21543","1699","1"
"21544","1699","1"
"21545","1699","1"
"21549","1700","1"
"21550","1700","1"
"21551","1700","1"
"21555","1701","1"
"21556","1701","1"
"21557","1701","1"
"23302","1697","1"
"22148","1702","1"
"22146","1703","1"
"22149","1704","1"
"22150","1704","1"
"21643","1706","1"
"21644","1706","1"
"21647","1707","1"
"21648","1707","1"
"21656","1710","1"
"21882","1711","1"
"21883","1711","1"
"21664","1712","1"
"21665","1712","1"
"23113","1713","1"
"23114","1713","1"
"21750","1714","1"
"21751","1714","1"
"21690","1717","1"
"21678","1715","1"
"21679","1715","1"
"21686","1716","1"
"21687","1716","1"
"21691","1717","1"
"22890","1733","1"
"22891","1733","1"
"21700","1719","1"
"21701","1719","1"
"21704","1720","1"
"21705","1720","1"
"21708","1721","1"
"21709","1721","1"
"21786","1722","1"
"21787","1722","1"
"21774","1723","1"
"21775","1723","1"
"21782","1724","1"
"21783","1724","1"
"21792","1725","1"
"21793","1725","1"
"21780","1726","1"
"21781","1726","1"
"21778","1727","1"
"21779","1727","1"
"21788","1728","1"
"21789","1728","1"
"21784","1729","1"
"21785","1729","1"
"21790","1730","1"
"21791","1730","1"
"21794","1731","1"
"21795","1731","1"
"21753","1732","1"
"21752","1732","1"
"22070","1734","1"
"22071","1734","1"
"22846","1735","1"
"22847","1735","1"
"22848","1735","1"
"21807","1736","1"
"21806","1736","1"
"21805","1736","1"
"23110","1737","1"
"23112","1738","1"
"22645","1739","1"
"22646","1739","1"
"21928","1740","1"
"21929","1740","1"
"21930","1741","1"
"21931","1741","1"
"21881","1711","1"
"21895","1743","1"
"21894","1743","1"
"21900","1744","1"
"21901","1744","1"
"21904","1745","1"
"21905","1745","1"
"21918","1746","1"
"21919","1746","1"
"21922","1747","1"
"21923","1747","1"
"21926","1748","1"
"21927","1748","1"
"22886","1749","1"
"22887","1749","1"
"22888","1749","1"
"21952","1750","1"
"21953","1750","1"
"21958","1751","1"
"21959","1751","1"
"21962","1752","1"
"21963","1752","1"
"21966","1753","1"
"21967","1753","1"
"21970","1754","1"
"21971","1754","1"
"21974","1755","1"
"21975","1755","1"
"21996","1757","1"
"21997","1757","1"
"23207","1758","1"
"23208","1758","1"
"23129","1761","1"
"22049","1762","1"
"22050","1762","1"
"22053","1763","1"
"22054","1763","1"
"22296","1776","1"
"22297","1776","1"
"22306","1778","1"
"22307","1778","1"
"22302","1777","1"
"22303","1777","1"
"22914","1779","1"
"22915","1779","1"
"22314","1780","1"
"22315","1780","1"
"22318","1781","1"
"22319","1781","1"
"22322","1782","1"
"22323","1782","1"
"22326","1783","1"
"22327","1783","1"
"22330","1784","1"
"22331","1784","1"
"22334","1785","1"
"22335","1785","1"
"22338","1786","1"
"22339","1786","1"
"22342","1787","1"
"22343","1787","1"
"22346","1788","1"
"22347","1788","1"
"22350","1789","1"
"22351","1789","1"
"22354","1790","1"
"22355","1790","1"
"22358","1791","1"
"22359","1791","1"
"22884","1792","1"
"22885","1792","1"
"22366","1572","1"
"22365","1572","1"
"22364","1572","1"
"22371","1545","1"
"22370","1545","1"
"22369","1545","1"
"23036","858","1"
"23037","858","1"
"23038","858","1"
"22386","1672","1"
"22387","1672","1"
"22388","1672","1"
"22390","870","1"
"22389","870","1"
"22396","1427","1"
"22395","1427","1"
"22394","1427","1"
"22401","1692","1"
"22400","1692","1"
"22399","1692","1"
"22406","110","1"
"22405","110","1"
"22404","110","1"
"23135","1793","1"
"23136","1793","1"
"23133","1794","1"
"23134","1794","1"
"23010","1795","1"
"23011","1795","1"
"23012","1796","1"
"23013","1796","1"
"22908","1797","1"
"22909","1797","1"
"23014","1798","1"
"23015","1798","1"
"23016","1799","1"
"23017","1799","1"
"23183","1800","1"
"23184","1800","1"
"23018","1801","1"
"23019","1801","1"
"23020","1802","1"
"23021","1802","1"
"23022","1803","1"
"23023","1803","1"
"23024","1804","1"
"23025","1804","1"
"22485","1805","1"
"22486","1805","1"
"22489","1806","1"
"22490","1806","1"
"22493","1807","1"
"22494","1807","1"
"22497","1808","1"
"22498","1808","1"
"22501","1809","1"
"22502","1809","1"
"23167","1878","1"
"23168","1878","1"
"22509","1811","1"
"22510","1811","1"
"22513","1812","1"
"22514","1812","1"
"22517","1813","1"
"22518","1813","1"
"22521","1814","1"
"22522","1814","1"
"22609","1816","1"
"22607","1815","1"
"22608","1815","1"
"22610","1816","1"
"23177","1817","1"
"23178","1817","1"
"22554","600","1"
"22553","600","1"
"22552","600","1"
"22559","1115","1"
"22558","1115","1"
"22557","1115","1"
"22570","1819","1"
"22571","1819","1"
"22576","1764","1"
"23338","1821","1"
"23339","1821","1"
"22589","1822","1"
"22590","1822","1"
"22593","1823","1"
"22594","1823","1"
"22597","1824","1"
"22598","1824","1"
"22603","1825","1"
"22604","1825","1"
"22612","1826","1"
"22611","1826","1"
"23120","1827","1"
"23121","1827","1"
"22618","1828","1"
"22617","1828","1"
"22665","1061","1"
"22670","1829","1"
"22671","1829","1"
"22918","1830","1"
"22919","1830","1"
"22920","1831","1"
"22921","1831","1"
"22683","1832","1"
"22682","1832","1"
"22686","1833","1"
"22685","1833","1"
"22684","1833","1"
"22688","1834","1"
"22687","1834","1"
"22690","1835","1"
"22689","1835","1"
"22693","1836","1"
"22692","1836","1"
"22691","1836","1"
"22695","1837","1"
"22694","1837","1"
"22698","1838","1"
"22697","1838","1"
"22696","1838","1"
"22700","1839","1"
"22699","1839","1"
"22702","1840","1"
"22701","1840","1"
"22704","1841","1"
"22703","1841","1"
"22706","1842","1"
"22705","1842","1"
"22708","1843","1"
"22707","1843","1"
"22711","1844","1"
"22710","1844","1"
"22709","1844","1"
"22714","1845","1"
"22713","1845","1"
"22712","1845","1"
"22719","1846","1"
"22720","1846","1"
"22722","1847","1"
"22721","1847","1"
"22727","1848","1"
"22728","1848","1"
"22733","1849","1"
"22734","1849","1"
"22739","1850","1"
"22740","1850","1"
"22744","1851","1"
"22743","1851","1"
"22742","1851","1"
"22741","1851","1"
"22748","1852","1"
"22747","1852","1"
"22746","1852","1"
"22745","1852","1"
"22750","1853","1"
"22749","1853","1"
"22755","1854","1"
"22756","1854","1"
"22758","1855","1"
"22757","1855","1"
"22763","1856","1"
"22764","1856","1"
"22765","1857","1"
"22770","1858","1"
"22771","1858","1"
"22773","1859","1"
"22772","1859","1"
"22775","1860","1"
"22774","1860","1"
"23107","1861","1"
"23108","1861","1"
"22784","1862","1"
"22785","1862","1"
"22790","1863","1"
"22791","1863","1"
"22796","1864","1"
"22795","1864","1"
"22794","1864","1"
"22793","1864","1"
"22792","1864","1"
"22801","1865","1"
"22802","1865","1"
"22804","1866","1"
"22803","1866","1"
"22806","1867","1"
"22805","1867","1"
"22808","1868","1"
"22807","1868","1"
"22811","1869","1"
"22810","1869","1"
"22809","1869","1"
"22813","1870","1"
"22812","1870","1"
"22818","1871","1"
"22819","1871","1"
"22824","1872","1"
"22825","1872","1"
"23185","1873","1"
"23186","1873","1"
"22833","1874","1"
"22832","1874","1"
"22838","1875","1"
"22839","1875","1"
"22844","1876","1"
"22845","1876","1"
"23169","1877","1"
"23170","1877","1"
"22945","1880","1"
"22946","1880","1"
"22948","1881","1"
"22947","1881","1"
"22975","1628","1"
"22982","1883","1"
"22983","1883","1"
"22986","1884","1"
"22987","1884","1"
"22992","1885","1"
"22993","1885","1"
"22995","1886","1"
"22994","1886","1"
"23055","1888","1"
"23056","1888","1"
"23124","1889","1"
"23125","1889","1"
"23322","1890","1"
"23323","1890","1"
"23122","1891","1"
"23123","1891","1"
"23130","1761","1"
"23109","1737","1"
"23111","1738","1"
"23179","1892","1"
"23180","1892","1"
"23196","1893","1"
"23195","1893","1"
"23201","1894","1"
"23202","1894","1"
"23227","1895","1"
"23226","1895","1"
"23225","1895","1"
"23224","1895","1"
"23228","1896","1"
"23230","1897","1"
"23232","1898","1"
"23321","1901","1"
